"성씨,본관별","행정구역(구시군)별",1985,1985
"성씨,본관별","행정구역(구시군)별",가구 (가구),인구 (명)
"계","전국",9598796,40419652
"계","서울특별시",2332409,9625755
"계","부산직할시",840765,3512113
"계","대구직할시",501312,2028370
"계","인천직할시",339687,1384916
"계","경기도",1168753,4792617
"계","강원도",404487,1724146
"계","충청북도",322220,1390326
"계","충청남도",656393,2999837
"계","전라북도",490697,2201265
"계","전라남도",836070,3747506
"계","경상북도",734672,3010001
"계","경상남도",852969,3514500
"계","제주도",118362,488300
"가(賈)","전국",1786,7894
"가(賈)","서울특별시",324,1344
"가(賈)","부산직할시",26,93
"가(賈)","대구직할시",9,34
"가(賈)","인천직할시",169,687
"가(賈)","경기도",201,739
"가(賈)","강원도",20,89
"가(賈)","충청북도",10,40
"가(賈)","충청남도",980,4662
"가(賈)","전라북도",4,30
"가(賈)","전라남도",7,31
"가(賈)","경상북도",7,42
"가(賈)","경상남도",28,98
"가(賈)","제주도",1,5
"간(簡)","전국",490,2076
"간(簡)","서울특별시",158,662
"간(簡)","부산직할시",11,48
"간(簡)","대구직할시",2,15
"간(簡)","인천직할시",45,195
"간(簡)","경기도",172,747
"간(簡)","강원도",42,143
"간(簡)","충청북도",13,63
"간(簡)","충청남도",16,67
"간(簡)","전라북도",4,27
"간(簡)","전라남도",6,27
"간(簡)","경상북도",6,25
"간(簡)","경상남도",15,57
"갈(葛)","전국",738,3024
"갈(葛)","서울특별시",177,664
"갈(葛)","부산직할시",88,338
"갈(葛)","대구직할시",56,230
"갈(葛)","인천직할시",28,118
"갈(葛)","경기도",119,536
"갈(葛)","강원도",24,106
"갈(葛)","충청북도",26,105
"갈(葛)","충청남도",40,154
"갈(葛)","전라북도",42,184
"갈(葛)","전라남도",8,68
"갈(葛)","경상북도",37,165
"갈(葛)","경상남도",90,349
"갈(葛)","제주도",3,7
"감(甘)","전국",1229,5020
"감(甘)","서울특별시",164,668
"감(甘)","부산직할시",303,1230
"감(甘)","대구직할시",47,214
"감(甘)","인천직할시",12,47
"감(甘)","경기도",67,250
"감(甘)","강원도",10,42
"감(甘)","충청북도",10,40
"감(甘)","충청남도",17,75
"감(甘)","전라북도",8,35
"감(甘)","전라남도",33,139
"감(甘)","경상북도",45,196
"감(甘)","경상남도",513,2084
"강(姜)","전국",227097,958181
"강(姜)","서울특별시",50524,207679
"강(姜)","부산직할시",24359,101883
"강(姜)","대구직할시",8624,35478
"강(姜)","인천직할시",7323,29762
"강(姜)","경기도",23598,97216
"강(姜)","강원도",6100,25621
"강(姜)","충청북도",5640,24365
"강(姜)","충청남도",15196,69460
"강(姜)","전라북도",13286,59121
"강(姜)","전라남도",21603,97263
"강(姜)","경상북도",14219,58093
"강(姜)","경상남도",29625,123134
"강(姜)","제주도",7000,29106
"강(康)","전국",16771,69820
"강(康)","서울특별시",4213,17097
"강(康)","부산직할시",950,3879
"강(康)","대구직할시",473,1970
"강(康)","인천직할시",519,2094
"강(康)","경기도",1637,6391
"강(康)","강원도",493,2052
"강(康)","충청북도",322,1351
"강(康)","충청남도",1358,6183
"강(康)","전라북도",949,4123
"강(康)","전라남도",234,1077
"강(康)","경상북도",828,3257
"강(康)","경상남도",487,1897
"강(康)","제주도",4308,18449
"강(彊)","전국",427,1863
"강(彊)","서울특별시",140,593
"강(彊)","부산직할시",28,124
"강(彊)","대구직할시",28,124
"강(彊)","인천직할시",19,69
"강(彊)","경기도",82,333
"강(彊)","강원도",19,93
"강(彊)","충청북도",8,45
"강(彊)","충청남도",24,120
"강(彊)","전라북도",12,61
"강(彊)","전라남도",21,103
"강(彊)","경상북도",25,123
"강(彊)","경상남도",18,66
"강(彊)","제주도",3,9
"강(**）","전국",224,901
"강(**）","서울특별시",61,205
"강(**）","부산직할시",15,58
"강(**）","대구직할시",12,50
"강(**）","인천직할시",5,16
"강(**）","경기도",35,125
"강(**）","강원도",6,43
"강(**）","충청북도",27,128
"강(**）","충청남도",19,87
"강(**）","전라북도",6,38
"강(**）","전라남도",4,27
"강(**）","경상북도",19,61
"강(**）","경상남도",12,53
"강(**）","제주도",3,10
"강(剛)","전국",4,15
"강(剛)","서울특별시",2,8
"강(剛)","부산직할시",0,2
"강(剛)","경기도",2,3
"강(剛)","충청남도",0,1
"강(剛)","경상북도",0,1
"강전(岡田)","전국",0,1
"강전(岡田)","경기도",0,1
"개(介)","전국",51,165
"개(介)","서울특별시",13,34
"개(介)","부산직할시",4,14
"개(介)","대구직할시",3,10
"개(介)","인천직할시",0,3
"개(介)","경기도",3,18
"개(介)","강원도",4,9
"개(介)","충청북도",0,5
"개(介)","충청남도",2,11
"개(介)","전라북도",2,8
"개(介)","전라남도",6,26
"개(介)","경상북도",7,18
"개(介)","경상남도",7,8
"개(介)","제주도",0,1
"견(甄)","전국",235,990
"견(甄)","서울특별시",52,237
"견(甄)","부산직할시",5,26
"견(甄)","대구직할시",11,42
"견(甄)","인천직할시",20,79
"견(甄)","경기도",88,355
"견(甄)","강원도",6,30
"견(甄)","충청북도",17,67
"견(甄)","충청남도",5,22
"견(甄)","전라북도",1,2
"견(甄)","전라남도",8,34
"견(甄)","경상북도",14,55
"견(甄)","경상남도",8,39
"견(甄)","제주도",0,2
"견(堅)","전국",99,452
"견(堅)","서울특별시",12,57
"견(堅)","부산직할시",20,81
"견(堅)","대구직할시",2,7
"견(堅)","인천직할시",3,14
"견(堅)","경기도",12,57
"견(堅)","강원도",6,14
"견(堅)","충청북도",3,12
"견(堅)","충청남도",3,15
"견(堅)","전라북도",1,10
"견(堅)","전라남도",4,10
"견(堅)","경상북도",18,105
"견(堅)","경상남도",15,70
"경(慶)","전국",2418,10069
"경(慶)","서울특별시",758,3185
"경(慶)","부산직할시",104,447
"경(慶)","대구직할시",49,204
"경(慶)","인천직할시",90,372
"경(慶)","경기도",559,2254
"경(慶)","강원도",178,764
"경(慶)","충청북도",321,1341
"경(慶)","충청남도",143,593
"경(慶)","전라북도",28,113
"경(慶)","전라남도",21,88
"경(慶)","경상북도",23,114
"경(慶)","경상남도",142,587
"경(慶)","제주도",2,7
"경(景)","전국",885,3691
"경(景)","서울특별시",297,1284
"경(景)","부산직할시",44,177
"경(景)","대구직할시",30,117
"경(景)","인천직할시",57,223
"경(景)","경기도",130,555
"경(景)","강원도",15,68
"경(景)","충청북도",14,56
"경(景)","충청남도",37,126
"경(景)","전라북도",184,746
"경(景)","전라남도",31,157
"경(景)","경상북도",26,90
"경(景)","경상남도",19,88
"경(景)","제주도",1,4
"계(桂)","전국",1501,5946
"계(桂)","서울특별시",630,2474
"계(桂)","부산직할시",112,456
"계(桂)","대구직할시",33,130
"계(桂)","인천직할시",161,621
"계(桂)","경기도",292,1106
"계(桂)","강원도",76,295
"계(桂)","충청북도",33,156
"계(桂)","충청남도",52,220
"계(桂)","전라북도",16,85
"계(桂)","전라남도",23,108
"계(桂)","경상북도",43,170
"계(桂)","경상남도",26,107
"계(桂)","제주도",4,18
"고(高)","전국",91402,384061
"고(高)","서울특별시",21841,89836
"고(高)","부산직할시",5734,23821
"고(高)","대구직할시",2019,8051
"고(高)","인천직할시",3651,14909
"고(高)","경기도",10780,43625
"고(高)","강원도",4184,17721
"고(高)","충청북도",2291,10128
"고(高)","충청남도",5239,24047
"고(高)","전라북도",6783,30186
"고(高)","전라남도",9989,44154
"고(高)","경상북도",3653,15088
"고(高)","경상남도",5139,21192
"고(高)","제주도",10099,41303
"곡(曲)","전국",12,61
"곡(曲)","서울특별시",5,34
"곡(曲)","부산직할시",1,4
"곡(曲)","경기도",0,3
"곡(曲)","강원도",0,1
"곡(曲)","충청북도",0,1
"곡(曲)","충청남도",0,1
"곡(曲)","전라북도",2,3
"곡(曲)","전라남도",0,1
"곡(曲)","경상북도",1,3
"곡(曲)","경상남도",3,10
"공(孔)","전국",17209,72388
"공(孔)","서울특별시",3730,15449
"공(孔)","부산직할시",2192,9276
"공(孔)","대구직할시",743,3061
"공(孔)","인천직할시",765,3019
"공(孔)","경기도",2274,9395
"공(孔)","강원도",354,1501
"공(孔)","충청북도",317,1313
"공(孔)","충청남도",780,3629
"공(孔)","전라북도",770,3478
"공(孔)","전라남도",1618,7227
"공(孔)","경상북도",884,3555
"공(孔)","경상남도",2677,11029
"공(孔)","제주도",105,456
"공(公)","전국",420,1884
"공(公)","서울특별시",141,518
"공(公)","부산직할시",26,135
"공(公)","대구직할시",20,86
"공(公)","인천직할시",20,78
"공(公)","경기도",69,323
"공(公)","강원도",12,54
"공(公)","충청북도",11,39
"공(公)","충청남도",16,81
"공(公)","전라북도",8,73
"공(公)","전라남도",34,183
"공(公)","경상북도",21,120
"공(公)","경상남도",41,184
"공(公)","제주도",1,10
"곽(郭)","전국",39150,163433
"곽(郭)","서울특별시",9010,36773
"곽(郭)","부산직할시",3594,15052
"곽(郭)","대구직할시",3220,13073
"곽(郭)","인천직할시",1155,4711
"곽(郭)","경기도",4076,16725
"곽(郭)","강원도",1266,5288
"곽(郭)","충청북도",1927,8146
"곽(郭)","충청남도",2629,12010
"곽(郭)","전라북도",1787,7823
"곽(郭)","전라남도",3860,17112
"곽(郭)","경상북도",2751,10793
"곽(郭)","경상남도",3703,15225
"곽(郭)","제주도",172,702
"교(橋)","전국",2,12
"교(橋)","인천직할시",1,4
"교(橋)","경기도",1,7
"교(橋)","전라북도",0,1
"구(具)","전국",37598,157683
"구(具)","서울특별시",8486,35330
"구(具)","부산직할시",4375,18233
"구(具)","대구직할시",3268,13217
"구(具)","인천직할시",1312,5463
"구(具)","경기도",4421,18345
"구(具)","강원도",751,3098
"구(具)","충청북도",1061,4559
"구(具)","충청남도",2432,11110
"구(具)","전라북도",1319,5789
"구(具)","전라남도",2296,10311
"구(具)","경상북도",2703,11117
"구(具)","경상남도",5065,20701
"구(具)","제주도",109,410
"구(丘)","전국",2671,10890
"구(丘)","서울특별시",830,3405
"구(丘)","부산직할시",37,160
"구(丘)","대구직할시",17,58
"구(丘)","인천직할시",98,384
"구(丘)","경기도",278,1097
"구(丘)","강원도",31,117
"구(丘)","충청북도",29,126
"구(丘)","충청남도",1172,4804
"구(丘)","전라북도",84,351
"구(丘)","전라남도",18,69
"구(丘)","경상북도",30,136
"구(丘)","경상남도",42,162
"구(丘)","제주도",5,21
"구(邱)","전국",29,139
"구(邱)","서울특별시",5,34
"구(邱)","부산직할시",1,3
"구(邱)","대구직할시",4,10
"구(邱)","인천직할시",0,2
"구(邱)","경기도",8,33
"구(邱)","강원도",1,4
"구(邱)","충청북도",0,1
"구(邱)","충청남도",2,11
"구(邱)","전라남도",1,13
"구(邱)","경상북도",6,23
"구(邱)","경상남도",1,5
"국(鞠)","전국",3730,15562
"국(鞠)","서울특별시",1017,4143
"국(鞠)","부산직할시",145,568
"국(鞠)","대구직할시",51,173
"국(鞠)","인천직할시",107,457
"국(鞠)","경기도",337,1319
"국(鞠)","강원도",38,168
"국(鞠)","충청북도",24,95
"국(鞠)","충청남도",293,1331
"국(鞠)","전라북도",878,3764
"국(鞠)","전라남도",703,3002
"국(鞠)","경상북도",54,175
"국(鞠)","경상남도",76,330
"국(鞠)","제주도",7,37
"국(國)","전국",211,984
"국(國)","서울특별시",70,309
"국(國)","부산직할시",4,33
"국(國)","대구직할시",3,14
"국(國)","인천직할시",15,56
"국(國)","경기도",36,144
"국(國)","강원도",4,19
"국(國)","충청북도",0,4
"국(國)","충청남도",24,94
"국(國)","전라북도",21,136
"국(國)","전라남도",23,121
"국(國)","경상북도",2,9
"국(國)","경상남도",9,45
"국(菊)","전국",14,107
"국(菊)","서울특별시",8,41
"국(菊)","부산직할시",1,15
"국(菊)","대구직할시",0,1
"국(菊)","인천직할시",1,5
"국(菊)","경기도",0,10
"국(菊)","강원도",1,3
"국(菊)","충청남도",1,7
"국(菊)","전라북도",0,9
"국(菊)","전라남도",1,8
"국(菊)","경상북도",0,2
"국(菊)","경상남도",1,6
"군(君)","전국",6,62
"군(君)","서울특별시",3,22
"군(君)","부산직할시",0,3
"군(君)","대구직할시",1,7
"군(君)","인천직할시",0,3
"군(君)","경기도",0,6
"군(君)","강원도",0,1
"군(君)","충청북도",0,4
"군(君)","충청남도",1,9
"군(君)","전라북도",0,1
"군(君)","전라남도",1,1
"군(君)","경상남도",0,5
"궁(弓)","전국",134,521
"궁(弓)","서울특별시",58,218
"궁(弓)","부산직할시",9,41
"궁(弓)","대구직할시",1,6
"궁(弓)","인천직할시",7,28
"궁(弓)","경기도",27,95
"궁(弓)","강원도",7,28
"궁(弓)","충청북도",2,21
"궁(弓)","충청남도",7,27
"궁(弓)","전라북도",1,3
"궁(弓)","전라남도",2,7
"궁(弓)","경상북도",2,10
"궁(弓)","경상남도",8,31
"궁(弓)","제주도",3,6
"궉(**)","전국",57,244
"궉(**)","서울특별시",16,44
"궉(**)","부산직할시",6,21
"궉(**)","대구직할시",0,3
"궉(**)","인천직할시",2,14
"궉(**)","경기도",13,59
"궉(**)","강원도",0,3
"궉(**)","충청북도",1,6
"궉(**)","충청남도",13,64
"궉(**)","전라북도",3,8
"궉(**)","전라남도",1,6
"궉(**)","경상북도",1,11
"궉(**)","경상남도",1,3
"궉(**)","제주도",0,2
"권(權)","전국",136890,567990
"권(權)","서울특별시",29766,123028
"권(權)","부산직할시",11053,46448
"권(權)","대구직할시",11857,47407
"권(權)","인천직할시",4014,16385
"권(權)","경기도",15260,61950
"권(權)","강원도",7372,31741
"권(權)","충청북도",5425,23452
"권(權)","충청남도",6565,29679
"권(權)","전라북도",4652,20528
"권(權)","전라남도",3588,16078
"권(權)","경상북도",26417,106914
"권(權)","경상남도",10549,42878
"권(權)","제주도",372,1502
"근(斤)","전국",110,450
"근(斤)","서울특별시",27,106
"근(斤)","부산직할시",3,22
"근(斤)","대구직할시",14,37
"근(斤)","인천직할시",2,14
"근(斤)","경기도",14,52
"근(斤)","강원도",8,27
"근(斤)","충청북도",3,24
"근(斤)","충청남도",22,82
"근(斤)","전라북도",7,24
"근(斤)","전라남도",3,14
"근(斤)","경상북도",2,25
"근(斤)","경상남도",5,22
"근(斤)","제주도",0,1
"금(琴)","전국",4836,20361
"금(琴)","서울특별시",979,4213
"금(琴)","부산직할시",338,1366
"금(琴)","대구직할시",486,2053
"금(琴)","인천직할시",121,484
"금(琴)","경기도",451,1751
"금(琴)","강원도",249,1058
"금(琴)","충청북도",286,1204
"금(琴)","충청남도",210,982
"금(琴)","전라북도",40,174
"금(琴)","전라남도",36,207
"금(琴)","경상북도",1407,5910
"금(琴)","경상남도",220,919
"금(琴)","제주도",13,40
"기(奇)","전국",5454,22706
"기(奇)","서울특별시",1477,6146
"기(奇)","부산직할시",252,1057
"기(奇)","대구직할시",262,1107
"기(奇)","인천직할시",196,819
"기(奇)","경기도",706,2914
"기(奇)","강원도",107,405
"기(奇)","충청북도",50,234
"기(奇)","충청남도",172,754
"기(奇)","전라북도",320,1390
"기(奇)","전라남도",1415,6013
"기(奇)","경상북도",260,990
"기(奇)","경상남도",223,819
"기(奇)","제주도",14,58
"기(箕)","전국",99,427
"기(箕)","서울특별시",31,113
"기(箕)","부산직할시",7,29
"기(箕)","대구직할시",8,24
"기(箕)","인천직할시",3,11
"기(箕)","경기도",21,83
"기(箕)","강원도",1,12
"기(箕)","충청북도",0,3
"기(箕)","충청남도",2,19
"기(箕)","전라북도",2,18
"기(箕)","전라남도",11,61
"기(箕)","경상북도",9,34
"기(箕)","경상남도",4,17
"기(箕)","제주도",0,3
"길(吉)","전국",7362,30932
"길(吉)","서울특별시",1904,7786
"길(吉)","부산직할시",363,1529
"길(吉)","대구직할시",218,857
"길(吉)","인천직할시",258,1052
"길(吉)","경기도",998,4026
"길(吉)","강원도",743,3079
"길(吉)","충청북도",228,987
"길(吉)","충청남도",1596,7197
"길(吉)","전라북도",327,1428
"길(吉)","전라남도",220,925
"길(吉)","경상북도",244,974
"길(吉)","경상남도",253,1053
"길(吉)","제주도",10,39
"김(金)","전국",2080768,8785341
"김(金)","서울특별시",496315,2045919
"김(金)","부산직할시",188767,788581
"김(金)","대구직할시",107309,433145
"김(金)","인천직할시",71392,291690
"김(金)","경기도",238589,977436
"김(金)","강원도",93313,399584
"김(金)","충청북도",64562,279743
"김(金)","충청남도",133595,616169
"김(金)","전라북도",105801,477251
"김(金)","전라남도",197230,889941
"김(金)","경상북도",170507,701937
"김(金)","경상남도",184777,765114
"김(金)","제주도",28613,118845
"나(羅)","전국",35392,150012
"나(羅)","서울특별시",9570,39646
"나(羅)","부산직할시",1603,6767
"나(羅)","대구직할시",1447,5827
"나(羅)","인천직할시",1389,5519
"나(羅)","경기도",4227,17508
"나(羅)","강원도",912,4000
"나(羅)","충청북도",944,4046
"나(羅)","충청남도",2726,12029
"나(羅)","전라북도",2620,11932
"나(羅)","전라남도",6977,30516
"나(羅)","경상북도",1461,6150
"나(羅)","경상남도",1290,5207
"나(羅)","제주도",226,865
"난(欒)","전국",1,5
"난(欒)","서울특별시",1,2
"난(欒)","부산직할시",0,1
"난(欒)","경기도",0,1
"난(欒)","경상북도",0,1
"남(南)","전국",53016,222269
"남(南)","서울특별시",12190,50665
"남(南)","부산직할시",4607,19383
"남(南)","대구직할시",3467,14123
"남(南)","인천직할시",1747,7031
"남(南)","경기도",6168,25152
"남(南)","강원도",2750,11923
"남(南)","충청북도",2764,11470
"남(南)","충청남도",3594,16212
"남(南)","전라북도",1331,6060
"남(南)","전라남도",3040,13859
"남(南)","경상북도",6827,28013
"남(南)","경상남도",4401,17876
"남(南)","제주도",130,502
"남궁(南宮)","전국",3874,16228
"남궁(南宮)","서울특별시",1259,5264
"남궁(南宮)","부산직할시",58,233
"남궁(南宮)","대구직할시",26,112
"남궁(南宮)","인천직할시",215,825
"남궁(南宮)","경기도",914,3701
"남궁(南宮)","강원도",404,1695
"남궁(南宮)","충청북도",85,370
"남궁(南宮)","충청남도",374,1659
"남궁(南宮)","전라북도",397,1755
"남궁(南宮)","전라남도",73,317
"남궁(南宮)","경상북도",27,108
"남궁(南宮)","경상남도",39,176
"남궁(南宮)","제주도",3,13
"낭(浪)","전국",85,328
"낭(浪)","서울특별시",37,148
"낭(浪)","부산직할시",1,5
"낭(浪)","대구직할시",0,1
"낭(浪)","인천직할시",2,7
"낭(浪)","경기도",21,79
"낭(浪)","강원도",5,18
"낭(浪)","충청북도",6,30
"낭(浪)","충청남도",3,8
"낭(浪)","전라북도",1,3
"낭(浪)","전라남도",5,14
"낭(浪)","경상북도",0,5
"낭(浪)","경상남도",4,10
"내(奈)","전국",3,26
"내(奈)","서울특별시",0,10
"내(奈)","부산직할시",0,1
"내(奈)","경기도",0,4
"내(奈)","충청남도",1,5
"내(奈)","전라북도",2,4
"내(奈)","경상남도",0,2
"내(乃)","전국",72,311
"내(乃)","서울특별시",33,126
"내(乃)","부산직할시",2,9
"내(乃)","대구직할시",3,5
"내(乃)","인천직할시",2,14
"내(乃)","경기도",27,124
"내(乃)","강원도",0,3
"내(乃)","충청북도",1,1
"내(乃)","충청남도",1,7
"내(乃)","전라북도",1,10
"내(乃)","전라남도",0,3
"내(乃)","경상북도",2,4
"내(乃)","경상남도",0,5
"노(盧)","전국",47252,196285
"노(盧)","서울특별시",12176,49594
"노(盧)","부산직할시",4253,17819
"노(盧)","대구직할시",2055,8213
"노(盧)","인천직할시",1757,7139
"노(盧)","경기도",5707,23269
"노(盧)","강원도",1277,5356
"노(盧)","충청북도",1883,7997
"노(盧)","충청남도",4031,17767
"노(盧)","전라북도",2701,11874
"노(盧)","전라남도",3795,16569
"노(盧)","경상북도",2450,10100
"노(盧)","경상남도",5051,20124
"노(盧)","제주도",116,464
"노(魯)","전국",13064,54477
"노(魯)","서울특별시",3131,13053
"노(魯)","부산직할시",1010,4215
"노(魯)","대구직할시",963,3875
"노(魯)","인천직할시",534,2137
"노(魯)","경기도",1346,5417
"노(魯)","강원도",323,1305
"노(魯)","충청북도",184,793
"노(魯)","충청남도",341,1605
"노(魯)","전라북도",1100,4790
"노(魯)","전라남도",2376,10030
"노(魯)","경상북도",885,3652
"노(魯)","경상남도",831,3436
"노(魯)","제주도",40,169
"노(路)","전국",313,1486
"노(路)","서울특별시",90,428
"노(路)","부산직할시",14,73
"노(路)","대구직할시",15,77
"노(路)","인천직할시",14,66
"노(路)","경기도",70,304
"노(路)","강원도",15,72
"노(路)","충청북도",7,40
"노(路)","충청남도",20,86
"노(路)","전라북도",15,80
"노(路)","전라남도",27,135
"노(路)","경상북도",13,62
"노(路)","경상남도",11,55
"노(路)","제주도",2,8
"뇌(賴)","전국",0,1
"뇌(賴)","서울특별시",0,1
"뇌(雷)","전국",29,106
"뇌(雷)","서울특별시",7,27
"뇌(雷)","부산직할시",0,3
"뇌(雷)","대구직할시",1,4
"뇌(雷)","인천직할시",0,3
"뇌(雷)","경기도",6,24
"뇌(雷)","강원도",0,5
"뇌(雷)","충청북도",1,4
"뇌(雷)","충청남도",2,10
"뇌(雷)","전라북도",1,3
"뇌(雷)","전라남도",3,11
"뇌(雷)","경상북도",5,8
"뇌(雷)","경상남도",3,4
"누(樓)","전국",0,1
"누(樓)","서울특별시",0,1
"단(段)","전국",311,1279
"단(段)","서울특별시",157,629
"단(段)","부산직할시",12,43
"단(段)","대구직할시",11,39
"단(段)","인천직할시",17,74
"단(段)","경기도",53,204
"단(段)","강원도",5,23
"단(段)","충청북도",8,30
"단(段)","충청남도",17,96
"단(段)","전라북도",3,13
"단(段)","전라남도",0,6
"단(段)","경상북도",23,99
"단(段)","경상남도",5,23
"단(單)","전국",2,16
"단(單)","서울특별시",1,5
"단(單)","부산직할시",0,2
"단(單)","대구직할시",0,1
"단(單)","경기도",0,1
"단(單)","강원도",0,1
"단(單)","충청북도",0,1
"단(單)","충청남도",0,2
"단(單)","전라남도",0,1
"단(單)","경상북도",1,1
"단(單)","경상남도",0,1
"단(端)","전국",0,9
"단(端)","서울특별시",0,3
"단(端)","경기도",0,1
"단(端)","충청남도",0,2
"단(端)","전라남도",0,1
"단(端)","경상남도",0,2
"담(譚)","전국",2,8
"담(譚)","서울특별시",2,7
"담(譚)","경기도",0,1
"당(唐)","전국",206,933
"당(唐)","서울특별시",50,251
"당(唐)","부산직할시",4,14
"당(唐)","대구직할시",0,3
"당(唐)","인천직할시",40,172
"당(唐)","경기도",74,320
"당(唐)","강원도",6,27
"당(唐)","충청북도",2,10
"당(唐)","충청남도",7,33
"당(唐)","전라북도",17,72
"당(唐)","전라남도",2,4
"당(唐)","경상북도",1,9
"당(唐)","경상남도",2,12
"당(唐)","제주도",1,6
"대(大)","전국",115,499
"대(大)","서울특별시",26,103
"대(大)","부산직할시",10,44
"대(大)","대구직할시",0,2
"대(大)","인천직할시",2,10
"대(大)","경기도",13,49
"대(大)","강원도",0,1
"대(大)","충청북도",0,1
"대(大)","충청남도",0,6
"대(大)","전라북도",3,14
"대(大)","전라남도",60,252
"대(大)","경상북도",0,6
"대(大)","경상남도",1,10
"대(大)","제주도",0,1
"도(都)","전국",11191,46528
"도(都)","서울특별시",1953,8011
"도(都)","부산직할시",1251,5214
"도(都)","대구직할시",2165,8840
"도(都)","인천직할시",209,868
"도(都)","경기도",818,3351
"도(都)","강원도",278,1274
"도(都)","충청북도",230,1015
"도(都)","충청남도",700,3121
"도(都)","전라북도",314,1371
"도(都)","전라남도",211,1031
"도(都)","경상북도",2100,8383
"도(都)","경상남도",953,4007
"도(都)","제주도",9,42
"도(陶)","전국",222,946
"도(陶)","서울특별시",88,352
"도(陶)","부산직할시",6,28
"도(陶)","대구직할시",3,20
"도(陶)","인천직할시",11,43
"도(陶)","경기도",81,330
"도(陶)","강원도",6,29
"도(陶)","충청북도",3,18
"도(陶)","충청남도",6,41
"도(陶)","전라북도",6,24
"도(陶)","전라남도",5,17
"도(陶)","경상북도",4,25
"도(陶)","경상남도",2,16
"도(陶)","제주도",1,3
"도(道)","전국",75,459
"도(道)","서울특별시",15,79
"도(道)","부산직할시",11,51
"도(道)","대구직할시",5,23
"도(道)","인천직할시",4,21
"도(道)","경기도",13,68
"도(道)","강원도",5,22
"도(道)","충청북도",1,12
"도(道)","충청남도",11,65
"도(道)","전라북도",1,12
"도(道)","전라남도",0,10
"도(道)","경상북도",3,36
"도(道)","경상남도",6,59
"도(道)","제주도",0,1
"독고(獨孤)","전국",215,695
"독고(獨孤)","서울특별시",89,293
"독고(獨孤)","부산직할시",19,65
"독고(獨孤)","대구직할시",15,46
"독고(獨孤)","인천직할시",5,21
"독고(獨孤)","경기도",27,86
"독고(獨孤)","강원도",10,29
"독고(獨孤)","충청북도",6,24
"독고(獨孤)","충청남도",7,25
"독고(獨孤)","전라북도",10,26
"독고(獨孤)","전라남도",8,31
"독고(獨孤)","경상북도",6,22
"독고(獨孤)","경상남도",11,24
"독고(獨孤)","제주도",2,3
"돈(頓)","전국",18,79
"돈(頓)","서울특별시",11,42
"돈(頓)","부산직할시",0,5
"돈(頓)","인천직할시",1,5
"돈(頓)","경기도",2,9
"돈(頓)","강원도",1,2
"돈(頓)","충청북도",1,9
"돈(頓)","충청남도",1,4
"돈(頓)","경상남도",1,3
"돈(敦)","전국",1,6
"돈(敦)","서울특별시",1,4
"돈(敦)","강원도",0,1
"돈(敦)","충청남도",0,1
"동(董)","전국",1096,4645
"동(董)","서울특별시",336,1389
"동(董)","부산직할시",135,590
"동(董)","대구직할시",13,61
"동(董)","인천직할시",30,161
"동(董)","경기도",169,706
"동(董)","강원도",60,262
"동(董)","충청북도",23,91
"동(董)","충청남도",46,195
"동(董)","전라북도",80,347
"동(董)","전라남도",42,166
"동(董)","경상북도",23,80
"동(董)","경상남도",139,592
"동(董)","제주도",0,5
"동방(東方)","전국",41,176
"동방(東方)","서울특별시",23,89
"동방(東方)","부산직할시",0,3
"동방(東方)","대구직할시",0,4
"동방(東方)","인천직할시",0,1
"동방(東方)","경기도",12,41
"동방(東方)","강원도",3,19
"동방(東方)","충청북도",0,1
"동방(東方)","충청남도",0,2
"동방(東方)","전라북도",0,2
"동방(東方)","전라남도",1,5
"동방(東方)","경상북도",1,5
"동방(東方)","경상남도",1,4
"두(杜)","전국",1210,5077
"두(杜)","서울특별시",319,1254
"두(杜)","부산직할시",30,128
"두(杜)","대구직할시",34,133
"두(杜)","인천직할시",50,203
"두(杜)","경기도",153,659
"두(杜)","강원도",15,44
"두(杜)","충청북도",9,40
"두(杜)","충청남도",45,185
"두(杜)","전라북도",479,2091
"두(杜)","전라남도",12,75
"두(杜)","경상북도",28,123
"두(杜)","경상남도",36,142
"두(頭)","전국",1,2
"두(頭)","서울특별시",1,2
"마(馬)","전국",7404,30865
"마(馬)","서울특별시",1931,7966
"마(馬)","부산직할시",564,2340
"마(馬)","대구직할시",409,1663
"마(馬)","인천직할시",245,987
"마(馬)","경기도",805,3280
"마(馬)","강원도",362,1504
"마(馬)","충청북도",170,736
"마(馬)","충청남도",219,1061
"마(馬)","전라북도",229,1082
"마(馬)","전라남도",1412,6092
"마(馬)","경상북도",565,2219
"마(馬)","경상남도",435,1699
"마(馬)","제주도",58,236
"마(麻)","전국",118,527
"마(麻)","서울특별시",31,122
"마(麻)","부산직할시",7,39
"마(麻)","대구직할시",8,47
"마(麻)","인천직할시",4,14
"마(麻)","경기도",17,71
"마(麻)","강원도",0,11
"마(麻)","충청북도",1,4
"마(麻)","충청남도",2,13
"마(麻)","전라북도",7,34
"마(麻)","전라남도",16,72
"마(麻)","경상북도",4,16
"마(麻)","경상남도",19,73
"마(麻)","제주도",2,11
"만(萬)","전국",62,282
"만(萬)","서울특별시",22,91
"만(萬)","부산직할시",6,32
"만(萬)","대구직할시",1,13
"만(萬)","인천직할시",5,22
"만(萬)","경기도",6,35
"만(萬)","강원도",0,7
"만(萬)","충청북도",0,4
"만(萬)","충청남도",8,21
"만(萬)","전라북도",1,5
"만(萬)","전라남도",6,20
"만(萬)","경상북도",2,9
"만(萬)","경상남도",5,22
"만(萬)","제주도",0,1
"망절(網切)","전국",1,5
"망절(網切)","경상남도",1,5
"매(梅)","전국",46,230
"매(梅)","서울특별시",14,63
"매(梅)","부산직할시",1,4
"매(梅)","대구직할시",1,6
"매(梅)","인천직할시",5,33
"매(梅)","경기도",10,40
"매(梅)","강원도",1,4
"매(梅)","충청북도",0,3
"매(梅)","충청남도",5,30
"매(梅)","전라북도",8,34
"매(梅)","전라남도",0,3
"매(梅)","경상북도",0,5
"매(梅)","경상남도",1,5
"맹(孟)","전국",4196,17648
"맹(孟)","서울특별시",1335,5490
"맹(孟)","부산직할시",138,580
"맹(孟)","대구직할시",44,196
"맹(孟)","인천직할시",181,755
"맹(孟)","경기도",695,2812
"맹(孟)","강원도",150,631
"맹(孟)","충청북도",175,709
"맹(孟)","충청남도",895,4012
"맹(孟)","전라북도",60,239
"맹(孟)","전라남도",282,1226
"맹(孟)","경상북도",97,414
"맹(孟)","경상남도",135,552
"맹(孟)","제주도",9,32
"명(明)","전국",5494,23380
"명(明)","서울특별시",1533,6287
"명(明)","부산직할시",364,1446
"명(明)","대구직할시",53,198
"명(明)","인천직할시",231,1025
"명(明)","경기도",586,2375
"명(明)","강원도",72,310
"명(明)","충청북도",48,218
"명(明)","충청남도",1070,4892
"명(明)","전라북도",53,283
"명(明)","전라남도",1042,4564
"명(明)","경상북도",91,391
"명(明)","경상남도",323,1271
"명(明)","제주도",28,120
"모(牟)","전국",3761,16046
"모(牟)","서울특별시",977,3992
"모(牟)","부산직할시",184,784
"모(牟)","대구직할시",79,310
"모(牟)","인천직할시",176,730
"모(牟)","경기도",479,1985
"모(牟)","강원도",36,156
"모(牟)","충청북도",92,402
"모(牟)","충청남도",241,1120
"모(牟)","전라북도",356,1625
"모(牟)","전라남도",760,3287
"모(牟)","경상북도",164,733
"모(牟)","경상남도",195,832
"모(牟)","제주도",22,90
"모(毛)","전국",193,875
"모(毛)","서울특별시",58,241
"모(毛)","부산직할시",14,71
"모(毛)","대구직할시",9,30
"모(毛)","인천직할시",7,38
"모(毛)","경기도",34,143
"모(毛)","강원도",7,35
"모(毛)","충청북도",4,26
"모(毛)","충청남도",13,68
"모(毛)","전라북도",3,23
"모(毛)","전라남도",20,105
"모(毛)","경상북도",13,50
"모(毛)","경상남도",9,39
"모(毛)","제주도",2,6
"목(睦)","전국",1722,7089
"목(睦)","서울특별시",546,2252
"목(睦)","부산직할시",94,371
"목(睦)","대구직할시",14,59
"목(睦)","인천직할시",79,304
"목(睦)","경기도",477,1965
"목(睦)","강원도",100,392
"목(睦)","충청북도",62,244
"목(睦)","충청남도",122,548
"목(睦)","전라북도",13,71
"목(睦)","전라남도",32,145
"목(睦)","경상북도",19,79
"목(睦)","경상남도",164,656
"목(睦)","제주도",0,3
"묘(苗)","전국",4,15
"묘(苗)","서울특별시",2,4
"묘(苗)","부산직할시",2,9
"묘(苗)","경기도",0,1
"묘(苗)","충청남도",0,1
"묵(墨)","전국",171,567
"묵(墨)","서울특별시",51,173
"묵(墨)","부산직할시",6,22
"묵(墨)","대구직할시",9,27
"묵(墨)","인천직할시",14,40
"묵(墨)","경기도",36,87
"묵(墨)","강원도",11,35
"묵(墨)","충청북도",2,20
"묵(墨)","충청남도",9,33
"묵(墨)","전라북도",4,28
"묵(墨)","전라남도",21,65
"묵(墨)","경상북도",3,17
"묵(墨)","경상남도",5,19
"묵(墨)","제주도",0,1
"문(文)","전국",88967,375866
"문(文)","서울특별시",20335,84422
"문(文)","부산직할시",9325,39304
"문(文)","대구직할시",3533,14135
"문(文)","인천직할시",3214,13067
"문(文)","경기도",9384,38005
"문(文)","강원도",2204,9339
"문(文)","충청북도",1103,4868
"문(文)","충청남도",4900,22994
"문(文)","전라북도",5645,25659
"문(文)","전라남도",13291,58465
"문(文)","경상북도",4184,17183
"문(文)","경상남도",8526,34993
"문(文)","제주도",3323,13432
"미(米)","전국",42,156
"미(米)","서울특별시",12,43
"미(米)","부산직할시",6,15
"미(米)","대구직할시",3,7
"미(米)","인천직할시",1,6
"미(米)","경기도",7,26
"미(米)","강원도",1,5
"미(米)","충청북도",0,1
"미(米)","충청남도",2,14
"미(米)","전라북도",3,8
"미(米)","전라남도",3,14
"미(米)","경상북도",2,10
"미(米)","경상남도",1,5
"미(米)","제주도",1,2
"민(閔)","전국",33725,141429
"민(閔)","서울특별시",10084,41665
"민(閔)","부산직할시",2070,8653
"민(閔)","대구직할시",981,3920
"민(閔)","인천직할시",1534,6115
"민(閔)","경기도",5405,22398
"민(閔)","강원도",1541,6639
"민(閔)","충청북도",2249,9625
"민(閔)","충청남도",2852,12811
"민(閔)","전라북도",628,2826
"민(閔)","전라남도",2427,10602
"민(閔)","경상북도",1615,6535
"민(閔)","경상남도",2254,9292
"민(閔)","제주도",85,348
"박(朴)","전국",815237,3435858
"박(朴)","서울특별시",189365,780514
"박(朴)","부산직할시",78495,326731
"박(朴)","대구직할시",45252,181634
"박(朴)","인천직할시",26628,108548
"박(朴)","경기도",93471,383194
"박(朴)","강원도",31810,135886
"박(朴)","충청북도",26700,114853
"박(朴)","충청남도",51421,236903
"박(朴)","전라북도",39893,178901
"박(朴)","전라남도",84213,379388
"박(朴)","경상북도",63091,258155
"박(朴)","경상남도",79690,329231
"박(朴)","제주도",5208,21920
"반(班)","전국",340,1364
"반(班)","서울특별시",82,294
"반(班)","부산직할시",48,216
"반(班)","대구직할시",26,106
"반(班)","인천직할시",12,40
"반(班)","경기도",46,163
"반(班)","강원도",7,43
"반(班)","충청북도",16,67
"반(班)","충청남도",12,49
"반(班)","전라북도",13,66
"반(班)","전라남도",20,77
"반(班)","경상북도",30,127
"반(班)","경상남도",28,113
"반(班)","제주도",0,3
"반(潘)","전국",5151,21553
"반(潘)","서울특별시",1158,4798
"반(潘)","부산직할시",531,2136
"반(潘)","대구직할시",210,832
"반(潘)","인천직할시",147,590
"반(潘)","경기도",430,1829
"반(潘)","강원도",234,973
"반(潘)","충청북도",688,2825
"반(潘)","충청남도",99,472
"반(潘)","전라북도",223,965
"반(潘)","전라남도",399,1768
"반(潘)","경상북도",440,1821
"반(潘)","경상남도",583,2507
"반(潘)","제주도",9,37
"방(龐)","전국",215,794
"방(龐)","서울특별시",51,185
"방(龐)","부산직할시",21,62
"방(龐)","대구직할시",7,26
"방(龐)","인천직할시",6,32
"방(龐)","경기도",26,84
"방(龐)","강원도",5,16
"방(龐)","충청북도",23,86
"방(龐)","충청남도",32,120
"방(龐)","전라북도",11,50
"방(龐)","전라남도",12,43
"방(龐)","경상북도",13,52
"방(龐)","경상남도",8,38
"방(方)","전국",19330,81469
"방(方)","서울특별시",5315,22127
"방(方)","부산직할시",1292,5417
"방(方)","대구직할시",959,3911
"방(方)","인천직할시",1121,4647
"방(方)","경기도",3552,14240
"방(方)","강원도",1001,4245
"방(方)","충청북도",598,2589
"방(方)","충청남도",1973,9061
"방(方)","전라북도",330,1478
"방(方)","전라남도",694,3212
"방(方)","경상북도",1257,5302
"방(方)","경상남도",1173,4964
"방(方)","제주도",65,276
"방(房)","전국",5376,22539
"방(房)","서울특별시",1242,5181
"방(房)","부산직할시",471,1929
"방(房)","대구직할시",89,352
"방(房)","인천직할시",123,496
"방(房)","경기도",548,2251
"방(房)","강원도",249,1027
"방(房)","충청북도",56,250
"방(房)","충청남도",193,844
"방(房)","전라북도",783,3198
"방(房)","전라남도",979,4322
"방(房)","경상북도",302,1259
"방(房)","경상남도",312,1301
"방(房)","제주도",29,129
"방(邦)","전국",177,829
"방(邦)","서울특별시",49,208
"방(邦)","부산직할시",17,88
"방(邦)","대구직할시",3,27
"방(邦)","인천직할시",11,49
"방(邦)","경기도",19,90
"방(邦)","강원도",4,26
"방(邦)","충청북도",9,33
"방(邦)","충청남도",13,65
"방(邦)","전라북도",15,60
"방(邦)","전라남도",14,65
"방(邦)","경상북도",5,35
"방(邦)","경상남도",13,65
"방(邦)","제주도",5,18
"배(裵)","전국",77580,323031
"배(裵)","서울특별시",15195,62266
"배(裵)","부산직할시",9378,39184
"배(裵)","대구직할시",8639,34750
"배(裵)","인천직할시",2138,8578
"배(裵)","경기도",6482,26171
"배(裵)","강원도",1904,8156
"배(裵)","충청북도",2191,9371
"배(裵)","충청남도",3462,15770
"배(裵)","전라북도",3232,14370
"배(裵)","전라남도",6532,29391
"배(裵)","경상북도",8549,34960
"배(裵)","경상남도",9621,39082
"배(裵)","제주도",257,982
"백(白)","전국",73856,309578
"백(白)","서울특별시",18518,76249
"백(白)","부산직할시",6527,27348
"백(白)","대구직할시",4620,18700
"백(白)","인천직할시",2491,10274
"백(白)","경기도",8494,34544
"백(白)","강원도",2205,9195
"백(白)","충청북도",1645,6931
"백(白)","충청남도",5625,25427
"백(白)","전라북도",4360,19469
"백(白)","전라남도",6218,27639
"백(白)","경상북도",5368,21680
"백(白)","경상남도",7105,29393
"백(白)","제주도",680,2729
"범(范)","전국",714,3018
"범(范)","서울특별시",174,704
"범(范)","부산직할시",16,75
"범(范)","대구직할시",12,43
"범(范)","인천직할시",10,44
"범(范)","경기도",48,185
"범(范)","강원도",6,30
"범(范)","충청북도",5,10
"범(范)","충청남도",8,33
"범(范)","전라북도",41,162
"범(范)","전라남도",353,1608
"범(范)","경상북도",18,55
"범(范)","경상남도",18,50
"범(范)","제주도",5,19
"범(凡)","전국",36,154
"범(凡)","서울특별시",8,34
"범(凡)","부산직할시",1,9
"범(凡)","대구직할시",0,3
"범(凡)","인천직할시",1,2
"범(凡)","경기도",4,14
"범(凡)","강원도",5,9
"범(凡)","충청남도",3,10
"범(凡)","전라북도",1,13
"범(凡)","전라남도",10,40
"범(凡)","경상북도",0,3
"범(凡)","경상남도",0,4
"범(凡)","제주도",3,13
"변(卞)","전국",15290,64147
"변(卞)","서울특별시",2989,12603
"변(卞)","부산직할시",2298,9573
"변(卞)","대구직할시",1225,4993
"변(卞)","인천직할시",331,1404
"변(卞)","경기도",1402,5768
"변(卞)","강원도",354,1545
"변(卞)","충청북도",941,4095
"변(卞)","충청남도",758,3539
"변(卞)","전라북도",358,1635
"변(卞)","전라남도",693,3012
"변(卞)","경상북도",1234,4968
"변(卞)","경상남도",2673,10857
"변(卞)","제주도",34,155
"변(邊)","전국",12154,50380
"변(邊)","서울특별시",3600,14506
"변(邊)","부산직할시",495,2141
"변(邊)","대구직할시",315,1260
"변(邊)","인천직할시",576,2168
"변(邊)","경기도",1870,7583
"변(邊)","강원도",1426,6108
"변(邊)","충청북도",343,1532
"변(邊)","충청남도",628,2787
"변(邊)","전라북도",472,2070
"변(邊)","전라남도",838,3699
"변(邊)","경상북도",591,2412
"변(邊)","경상남도",291,1189
"변(邊)","제주도",709,2925
"복(卜)","전국",1764,7377
"복(卜)","서울특별시",457,1844
"복(卜)","부산직할시",61,217
"복(卜)","대구직할시",73,288
"복(卜)","인천직할시",61,254
"복(卜)","경기도",189,843
"복(卜)","강원도",7,48
"복(卜)","충청북도",9,52
"복(卜)","충청남도",639,2747
"복(卜)","전라북도",81,367
"복(卜)","전라남도",22,93
"복(卜)","경상북도",82,322
"복(卜)","경상남도",80,291
"복(卜)","제주도",3,11
"봉(奉)","전국",2469,10547
"봉(奉)","서울특별시",727,3093
"봉(奉)","부산직할시",72,284
"봉(奉)","대구직할시",36,138
"봉(奉)","인천직할시",101,441
"봉(奉)","경기도",536,2271
"봉(奉)","강원도",37,166
"봉(奉)","충청북도",167,727
"봉(奉)","충청남도",133,631
"봉(奉)","전라북도",170,710
"봉(奉)","전라남도",414,1764
"봉(奉)","경상북도",29,129
"봉(奉)","경상남도",39,158
"봉(奉)","제주도",8,35
"봉(鳳)","전국",54,179
"봉(鳳)","서울특별시",18,54
"봉(鳳)","부산직할시",4,13
"봉(鳳)","대구직할시",3,5
"봉(鳳)","인천직할시",2,2
"봉(鳳)","경기도",6,25
"봉(鳳)","강원도",3,8
"봉(鳳)","충청북도",3,5
"봉(鳳)","충청남도",5,14
"봉(鳳)","전라북도",2,11
"봉(鳳)","전라남도",5,18
"봉(鳳)","경상북도",1,7
"봉(鳳)","경상남도",2,15
"봉(鳳)","제주도",0,2
"부(夫)","전국",2094,8565
"부(夫)","서울특별시",273,1106
"부(夫)","부산직할시",169,741
"부(夫)","대구직할시",21,85
"부(夫)","인천직할시",31,112
"부(夫)","경기도",68,268
"부(夫)","강원도",19,74
"부(夫)","충청북도",7,28
"부(夫)","충청남도",26,112
"부(夫)","전라북도",14,55
"부(夫)","전라남도",138,583
"부(夫)","경상북도",22,79
"부(夫)","경상남도",62,226
"부(夫)","제주도",1244,5096
"부(傳)","전국",2,10
"부(傳)","서울특별시",1,4
"부(傳)","부산직할시",0,1
"부(傳)","경기도",1,4
"부(傳)","전라남도",0,1
"비(丕)","전국",4,15
"비(丕)","서울특별시",2,3
"비(丕)","부산직할시",0,1
"비(丕)","충청남도",2,11
"빈(賓)","전국",637,2649
"빈(賓)","서울특별시",97,442
"빈(賓)","부산직할시",112,495
"빈(賓)","대구직할시",55,195
"빈(賓)","인천직할시",7,30
"빈(賓)","경기도",37,152
"빈(賓)","강원도",3,15
"빈(賓)","충청북도",16,55
"빈(賓)","충청남도",59,258
"빈(賓)","전라북도",57,266
"빈(賓)","전라남도",18,82
"빈(賓)","경상북도",19,59
"빈(賓)","경상남도",153,581
"빈(賓)","제주도",4,19
"빈(彬)","전국",426,1857
"빈(彬)","서울특별시",66,291
"빈(彬)","부산직할시",88,354
"빈(彬)","대구직할시",23,86
"빈(彬)","인천직할시",11,34
"빈(彬)","경기도",45,209
"빈(彬)","강원도",7,39
"빈(彬)","충청북도",9,49
"빈(彬)","충청남도",21,98
"빈(彬)","전라북도",23,104
"빈(彬)","전라남도",13,70
"빈(彬)","경상북도",31,119
"빈(彬)","경상남도",89,401
"빈(彬)","제주도",0,3
"빙(**)","전국",117,464
"빙(**)","서울특별시",35,132
"빙(**)","부산직할시",2,13
"빙(**)","대구직할시",1,3
"빙(**)","인천직할시",3,13
"빙(**)","경기도",16,57
"빙(**)","강원도",1,3
"빙(**)","충청북도",6,16
"빙(**)","충청남도",0,2
"빙(**)","전라북도",13,57
"빙(**)","전라남도",36,144
"빙(**)","경상북도",1,6
"빙(**)","경상남도",3,17
"빙(**)","제주도",0,1
"사(史)","전국",2000,8666
"사(史)","서울특별시",517,2121
"사(史)","부산직할시",118,480
"사(史)","대구직할시",72,302
"사(史)","인천직할시",96,411
"사(史)","경기도",364,1660
"사(史)","강원도",217,904
"사(史)","충청북도",107,501
"사(史)","충청남도",111,531
"사(史)","전라북도",47,227
"사(史)","전라남도",101,446
"사(史)","경상북도",139,645
"사(史)","경상남도",106,423
"사(史)","제주도",5,15
"사(舍)","전국",8,34
"사(舍)","서울특별시",6,24
"사(舍)","경기도",1,2
"사(舍)","강원도",0,1
"사(舍)","충청남도",1,5
"사(舍)","전라남도",0,1
"사(舍)","경상북도",0,1
"사(謝)","전국",3,17
"사(謝)","인천직할시",0,1
"사(謝)","전라북도",0,1
"사(謝)","전라남도",1,4
"사(謝)","경상북도",2,10
"사(謝)","경상남도",0,1
"사공(司空)","전국",924,3656
"사공(司空)","서울특별시",119,432
"사공(司空)","부산직할시",75,340
"사공(司空)","대구직할시",334,1336
"사공(司空)","인천직할시",9,35
"사공(司空)","경기도",37,156
"사공(司空)","강원도",28,106
"사공(司空)","충청북도",8,50
"사공(司空)","충청남도",8,37
"사공(司空)","전라북도",0,3
"사공(司空)","전라남도",2,11
"사공(司空)","경상북도",270,1024
"사공(司空)","경상남도",31,116
"사공(司空)","제주도",3,10
"삼(森)","전국",9,33
"삼(森)","서울특별시",3,12
"삼(森)","부산직할시",0,1
"삼(森)","대구직할시",0,1
"삼(森)","인천직할시",0,1
"삼(森)","경기도",2,2
"삼(森)","강원도",1,2
"삼(森)","충청남도",2,9
"삼(森)","경상북도",0,2
"삼(森)","경상남도",1,3
"상(尙)","전국",510,2117
"상(尙)","서울특별시",192,812
"상(尙)","부산직할시",20,81
"상(尙)","대구직할시",35,129
"상(尙)","인천직할시",16,63
"상(尙)","경기도",70,288
"상(尙)","강원도",15,67
"상(尙)","충청북도",5,13
"상(尙)","충청남도",102,453
"상(尙)","전라북도",17,78
"상(尙)","전라남도",15,39
"상(尙)","경상북도",10,47
"상(尙)","경상남도",13,46
"상(尙)","제주도",0,1
"서(徐)","전국",144335,611206
"서(徐)","서울특별시",33104,137018
"서(徐)","부산직할시",13924,58562
"서(徐)","대구직할시",10099,41257
"서(徐)","인천직할시",4622,19056
"서(徐)","경기도",15573,64506
"서(徐)","강원도",3940,16919
"서(徐)","충청북도",3951,17291
"서(徐)","충청남도",8766,39631
"서(徐)","전라북도",8005,36072
"서(徐)","전라남도",15483,69908
"서(徐)","경상북도",11573,47363
"서(徐)","경상남도",14609,60906
"서(徐)","제주도",686,2717
"서(西)","전국",9,68
"서(西)","서울특별시",5,29
"서(西)","부산직할시",0,3
"서(西)","대구직할시",1,5
"서(西)","인천직할시",1,3
"서(西)","경기도",2,14
"서(西)","강원도",0,1
"서(西)","충청남도",0,3
"서(西)","전라남도",0,8
"서(西)","경상북도",0,1
"서(西)","경상남도",0,1
"서문(西門)","전국",590,2338
"서문(西門)","서울특별시",138,499
"서문(西門)","부산직할시",49,168
"서문(西門)","대구직할시",27,86
"서문(西門)","인천직할시",21,80
"서문(西門)","경기도",71,237
"서문(西門)","강원도",6,35
"서문(西門)","충청북도",6,28
"서문(西門)","충청남도",71,333
"서문(西門)","전라북도",127,583
"서문(西門)","전라남도",22,88
"서문(西門)","경상북도",24,94
"서문(西門)","경상남도",27,106
"서문(西門)","제주도",1,1
"석(石)","전국",9706,40390
"석(石)","서울특별시",2141,8858
"석(石)","부산직할시",1076,4382
"석(石)","대구직할시",1380,5714
"석(石)","인천직할시",298,1200
"석(石)","경기도",1056,4364
"석(石)","강원도",376,1576
"석(石)","충청북도",371,1578
"석(石)","충청남도",269,1257
"석(石)","전라북도",95,422
"석(石)","전라남도",162,757
"석(石)","경상북도",1399,5771
"석(石)","경상남도",1064,4434
"석(石)","제주도",19,77
"석(昔)","전국",1933,7964
"석(昔)","서울특별시",366,1514
"석(昔)","부산직할시",141,600
"석(昔)","대구직할시",145,532
"석(昔)","인천직할시",68,241
"석(昔)","경기도",154,665
"석(昔)","강원도",160,642
"석(昔)","충청북도",69,281
"석(昔)","충청남도",266,1167
"석(昔)","전라북도",78,348
"석(昔)","전라남도",87,352
"석(昔)","경상북도",256,1083
"석(昔)","경상남도",140,529
"석(昔)","제주도",3,10
"선(宣)","전국",7768,33718
"선(宣)","서울특별시",2018,8330
"선(宣)","부산직할시",578,2339
"선(宣)","대구직할시",67,302
"선(宣)","인천직할시",190,827
"선(宣)","경기도",877,3567
"선(宣)","강원도",221,1052
"선(宣)","충청북도",123,561
"선(宣)","충청남도",199,986
"선(宣)","전라북도",415,1805
"선(宣)","전라남도",2548,11820
"선(宣)","경상북도",90,365
"선(宣)","경상남도",396,1575
"선(宣)","제주도",46,189
"선우(鮮于)","전국",756,3036
"선우(鮮于)","서울특별시",340,1357
"선우(鮮于)","부산직할시",46,176
"선우(鮮于)","대구직할시",15,54
"선우(鮮于)","인천직할시",36,134
"선우(鮮于)","경기도",100,414
"선우(鮮于)","강원도",54,198
"선우(鮮于)","충청북도",14,61
"선우(鮮于)","충청남도",98,436
"선우(鮮于)","전라북도",7,32
"선우(鮮于)","전라남도",5,24
"선우(鮮于)","경상북도",16,61
"선우(鮮于)","경상남도",23,78
"선우(鮮于)","제주도",2,11
"설(薛)","전국",8179,34264
"설(薛)","서울특별시",1785,7329
"설(薛)","부산직할시",970,4029
"설(薛)","대구직할시",386,1518
"설(薛)","인천직할시",226,918
"설(薛)","경기도",836,3397
"설(薛)","강원도",192,794
"설(薛)","충청북도",253,1066
"설(薛)","충청남도",486,2171
"설(薛)","전라북도",726,3194
"설(薛)","전라남도",725,3273
"설(薛)","경상북도",607,2553
"설(薛)","경상남도",961,3923
"설(薛)","제주도",26,99
"설(**,卨)","전국",442,1957
"설(**,卨)","서울특별시",113,494
"설(**,卨)","부산직할시",14,64
"설(**,卨)","대구직할시",6,19
"설(**,卨)","인천직할시",12,48
"설(**,卨)","경기도",38,169
"설(**,卨)","강원도",5,21
"설(**,卨)","충청북도",4,14
"설(**,卨)","충청남도",15,79
"설(**,卨)","전라북도",118,518
"설(**,卨)","전라남도",98,432
"설(**,卨)","경상북도",5,35
"설(**,卨)","경상남도",14,63
"설(**,卨)","제주도",0,1
"섭(葉)","전국",152,604
"섭(葉)","서울특별시",41,151
"섭(葉)","부산직할시",6,29
"섭(葉)","대구직할시",10,22
"섭(葉)","인천직할시",6,25
"섭(葉)","경기도",20,76
"섭(葉)","강원도",2,12
"섭(葉)","충청북도",12,47
"섭(葉)","충청남도",25,105
"섭(葉)","전라북도",4,21
"섭(葉)","전라남도",16,70
"섭(葉)","경상북도",6,24
"섭(葉)","경상남도",4,20
"섭(葉)","제주도",0,2
"성(成)","전국",38882,163565
"성(成)","서울특별시",9015,37547
"성(成)","부산직할시",4542,18816
"성(成)","대구직할시",2579,10716
"성(成)","인천직할시",1244,5296
"성(成)","경기도",4103,17204
"성(成)","강원도",902,3813
"성(成)","충청북도",1256,5343
"성(成)","충청남도",3762,16775
"성(成)","전라북도",1653,7347
"성(成)","전라남도",1764,8017
"성(成)","경상북도",2824,11605
"성(成)","경상남도",5010,20153
"성(成)","제주도",228,933
"성(星)","전국",1,20
"성(星)","서울특별시",0,4
"성(星)","대구직할시",0,3
"성(星)","인천직할시",0,1
"성(星)","경기도",0,4
"성(星)","강원도",1,2
"성(星)","충청남도",0,1
"성(星)","전라북도",0,2
"성(星)","경상북도",0,1
"성(星)","경상남도",0,2
"소(蘇)","전국",9361,39728
"소(蘇)","서울특별시",2432,9968
"소(蘇)","부산직할시",443,1850
"소(蘇)","대구직할시",504,2029
"소(蘇)","인천직할시",231,905
"소(蘇)","경기도",962,3915
"소(蘇)","강원도",91,358
"소(蘇)","충청북도",106,439
"소(蘇)","충청남도",555,2486
"소(蘇)","전라북도",2479,10908
"소(蘇)","전라남도",895,4062
"소(蘇)","경상북도",276,1133
"소(蘇)","경상남도",360,1544
"소(蘇)","제주도",27,131
"소(邵)","전국",515,2305
"소(邵)","서울특별시",149,639
"소(邵)","부산직할시",25,109
"소(邵)","대구직할시",30,115
"소(邵)","인천직할시",25,101
"소(邵)","경기도",66,294
"소(邵)","강원도",10,35
"소(邵)","충청북도",11,56
"소(邵)","충청남도",23,135
"소(邵)","전라북도",53,266
"소(邵)","전라남도",30,180
"소(邵)","경상북도",20,77
"소(邵)","경상남도",29,100
"소(邵)","제주도",44,198
"소봉(小峰)","전국",0,1
"소봉(小峰)","서울특별시",0,1
"손(孫)","전국",88002,368744
"손(孫)","서울특별시",17865,73376
"손(孫)","부산직할시",10680,44703
"손(孫)","대구직할시",6862,27965
"손(孫)","인천직할시",2374,9850
"손(孫)","경기도",8101,33241
"손(孫)","강원도",3192,13637
"손(孫)","충청북도",2875,12341
"손(孫)","충청남도",4674,21949
"손(孫)","전라북도",2909,12888
"손(孫)","전라남도",6263,27959
"손(孫)","경상북도",11217,46067
"손(孫)","경상남도",10624,43286
"손(孫)","제주도",366,1482
"송(宋)","전국",131904,557193
"송(宋)","서울특별시",33244,137777
"송(宋)","부산직할시",10672,44559
"송(宋)","대구직할시",4811,19589
"송(宋)","인천직할시",4705,19160
"송(宋)","경기도",16424,66950
"송(宋)","강원도",4064,17227
"송(宋)","충청북도",4397,19132
"송(宋)","충청남도",11993,54429
"송(宋)","전라북도",9921,44410
"송(宋)","전라남도",12285,53895
"송(宋)","경상북도",6855,28124
"송(宋)","경상남도",10000,41707
"송(宋)","제주도",2533,10234
"송(松)","전국",18,116
"송(松)","서울특별시",4,33
"송(松)","부산직할시",1,10
"송(松)","대구직할시",0,2
"송(松)","인천직할시",1,4
"송(松)","경기도",4,26
"송(松)","강원도",1,3
"송(松)","충청북도",0,4
"송(松)","충청남도",0,4
"송(松)","전라북도",0,5
"송(松)","전라남도",6,15
"송(松)","경상북도",1,3
"송(松)","경상남도",0,7
"수(水)","전국",26,113
"수(水)","서울특별시",10,38
"수(水)","부산직할시",0,3
"수(水)","대구직할시",1,4
"수(水)","인천직할시",0,6
"수(水)","경기도",4,19
"수(水)","강원도",1,4
"수(水)","충청북도",0,2
"수(水)","충청남도",4,12
"수(水)","전라북도",1,3
"수(水)","전라남도",1,4
"수(水)","경상북도",2,14
"수(水)","경상남도",2,4
"수(洙)","전국",2,44
"수(洙)","서울특별시",0,10
"수(洙)","부산직할시",0,3
"수(洙)","대구직할시",0,1
"수(洙)","인천직할시",0,2
"수(洙)","경기도",1,16
"수(洙)","충청남도",1,8
"수(洙)","전라남도",0,1
"수(洙)","경상북도",0,1
"수(洙)","경상남도",0,2
"순(荀)","전국",249,972
"순(荀)","서울특별시",75,272
"순(荀)","부산직할시",3,21
"순(荀)","대구직할시",4,14
"순(荀)","인천직할시",7,40
"순(荀)","경기도",25,96
"순(荀)","강원도",2,9
"순(荀)","충청북도",5,22
"순(荀)","충청남도",72,279
"순(荀)","전라북도",29,131
"순(荀)","전라남도",5,25
"순(荀)","경상북도",8,20
"순(荀)","경상남도",13,42
"순(荀)","제주도",1,1
"순(舜)","전국",58,215
"순(舜)","서울특별시",16,60
"순(舜)","부산직할시",4,12
"순(舜)","대구직할시",2,12
"순(舜)","인천직할시",1,2
"순(舜)","경기도",12,39
"순(舜)","강원도",0,5
"순(舜)","충청북도",1,5
"순(舜)","충청남도",3,9
"순(舜)","전라북도",5,14
"순(舜)","전라남도",11,43
"순(舜)","경상북도",2,10
"순(舜)","경상남도",1,4
"순(淳)","전국",10,35
"순(淳)","서울특별시",3,6
"순(淳)","부산직할시",0,3
"순(淳)","인천직할시",1,2
"순(淳)","경기도",0,1
"순(淳)","전라북도",4,13
"순(淳)","전라남도",1,7
"순(淳)","경상남도",1,3
"순(順)","전국",3,14
"순(順)","서울특별시",1,5
"순(順)","부산직할시",0,1
"순(順)","경기도",2,5
"순(順)","충청북도",0,3
"승(承)","전국",546,2298
"승(承)","서울특별시",226,948
"승(承)","부산직할시",24,117
"승(承)","대구직할시",17,67
"승(承)","인천직할시",40,150
"승(承)","경기도",86,325
"승(承)","강원도",31,127
"승(承)","충청북도",11,37
"승(承)","충청남도",29,125
"승(承)","전라북도",9,38
"승(承)","전라남도",49,242
"승(承)","경상북도",7,38
"승(承)","경상남도",16,78
"승(承)","제주도",1,6
"승(昇)","전국",156,645
"승(昇)","서울특별시",46,185
"승(昇)","부산직할시",8,35
"승(昇)","대구직할시",2,7
"승(昇)","인천직할시",2,15
"승(昇)","경기도",16,62
"승(昇)","강원도",0,4
"승(昇)","충청북도",0,1
"승(昇)","충청남도",2,6
"승(昇)","전라북도",2,15
"승(昇)","전라남도",41,153
"승(昇)","경상북도",6,20
"승(昇)","경상남도",31,142
"시(施)","전국",526,2204
"시(施)","서울특별시",51,238
"시(施)","부산직할시",53,189
"시(施)","대구직할시",199,878
"시(施)","인천직할시",9,43
"시(施)","경기도",22,87
"시(施)","강원도",5,26
"시(施)","충청북도",1,8
"시(施)","충청남도",8,30
"시(施)","전라북도",28,124
"시(施)","전라남도",9,44
"시(施)","경상북도",99,362
"시(施)","경상남도",41,173
"시(施)","제주도",1,2
"시(柴)","전국",400,1538
"시(柴)","서울특별시",116,456
"시(柴)","부산직할시",29,93
"시(柴)","대구직할시",12,34
"시(柴)","인천직할시",11,58
"시(柴)","경기도",43,160
"시(柴)","강원도",6,20
"시(柴)","충청북도",5,13
"시(柴)","충청남도",22,82
"시(柴)","전라북도",116,467
"시(柴)","전라남도",10,47
"시(柴)","경상북도",11,23
"시(柴)","경상남도",18,72
"시(柴)","제주도",1,13
"신(申)","전국",147714,620983
"신(申)","서울특별시",38254,158909
"신(申)","부산직할시",9756,40724
"신(申)","대구직할시",8425,33938
"신(申)","인천직할시",5525,22508
"신(申)","경기도",19899,81512
"신(申)","강원도",5340,22958
"신(申)","충청북도",7168,30476
"신(申)","충청남도",11619,52478
"신(申)","전라북도",7000,31287
"신(申)","전라남도",13191,58379
"신(申)","경상북도",12192,49356
"신(申)","경상남도",8463,34888
"신(申)","제주도",882,3570
"신(辛)","전국",33062,137874
"신(辛)","서울특별시",6843,28412
"신(辛)","부산직할시",4534,19005
"신(辛)","대구직할시",1108,4564
"신(辛)","인천직할시",765,3153
"신(辛)","경기도",3467,14196
"신(辛)","강원도",3246,14026
"신(辛)","충청북도",1905,8190
"신(辛)","충청남도",1628,7169
"신(辛)","전라북도",1034,4415
"신(辛)","전라남도",1180,5121
"신(辛)","경상북도",2139,8693
"신(辛)","경상남도",5172,20740
"신(辛)","제주도",41,190
"신(愼)","전국",9757,40772
"신(愼)","서울특별시",2467,10396
"신(愼)","부산직할시",1357,5632
"신(愼)","대구직할시",469,1971
"신(愼)","인천직할시",384,1500
"신(愼)","경기도",1154,4713
"신(愼)","강원도",80,390
"신(愼)","충청북도",186,809
"신(愼)","충청남도",471,2090
"신(愼)","전라북도",454,1988
"신(愼)","전라남도",391,1673
"신(愼)","경상북도",308,1242
"신(愼)","경상남도",1652,6858
"신(愼)","제주도",384,1510
"심(沈)","전국",52085,219741
"심(沈)","서울특별시",12992,53844
"심(沈)","부산직할시",4077,17176
"심(沈)","대구직할시",1993,7973
"심(沈)","인천직할시",2101,8475
"심(沈)","경기도",7371,30697
"심(沈)","강원도",4997,21479
"심(沈)","충청북도",1646,7240
"심(沈)","충청남도",3021,13549
"심(沈)","전라북도",2260,10419
"심(沈)","전라남도",3414,15126
"심(沈)","경상북도",3121,12829
"심(沈)","경상남도",4987,20559
"심(沈)","제주도",105,375
"십(**)","전국",1,4
"십(**)","경기도",1,3
"십(**)","전라남도",0,1
"아(阿)","전국",68,302
"아(阿)","서울특별시",13,56
"아(阿)","부산직할시",13,54
"아(阿)","대구직할시",0,1
"아(阿)","인천직할시",1,6
"아(阿)","경기도",7,28
"아(阿)","강원도",0,1
"아(阿)","충청남도",1,3
"아(阿)","전라북도",2,7
"아(阿)","전라남도",16,87
"아(阿)","경상북도",0,3
"아(阿)","경상남도",15,56
"안(安)","전국",131864,556429
"안(安)","서울특별시",33284,138176
"안(安)","부산직할시",11031,46730
"안(安)","대구직할시",5157,21129
"안(安)","인천직할시",4953,20413
"안(安)","경기도",18602,76583
"안(安)","강원도",6828,29303
"안(安)","충청북도",6198,26549
"안(安)","충청남도",8340,37910
"안(安)","전라북도",5967,26682
"안(安)","전라남도",8357,37813
"안(安)","경상북도",10342,43058
"안(安)","경상남도",11899,48411
"안(安)","제주도",906,3672
"애(艾)","전국",3,30
"애(艾)","서울특별시",1,13
"애(艾)","부산직할시",0,3
"애(艾)","인천직할시",0,1
"애(艾)","경기도",2,8
"애(艾)","충청북도",0,2
"애(艾)","충청남도",0,1
"애(艾)","경상남도",0,1
"애(艾)","제주도",0,1
"야(夜)","전국",43,137
"야(夜)","서울특별시",16,52
"야(夜)","부산직할시",6,12
"야(夜)","대구직할시",4,11
"야(夜)","인천직할시",3,11
"야(夜)","경기도",5,18
"야(夜)","강원도",0,5
"야(夜)","충청남도",1,5
"야(夜)","전라북도",4,10
"야(夜)","전라남도",2,6
"야(夜)","경상북도",0,4
"야(夜)","경상남도",2,2
"야(夜)","제주도",0,1
"양(梁)","전국",81189,344209
"양(梁)","서울특별시",19906,82158
"양(梁)","부산직할시",6304,26636
"양(梁)","대구직할시",1856,7392
"양(梁)","인천직할시",2486,10085
"양(梁)","경기도",8429,34729
"양(梁)","강원도",1878,7830
"양(梁)","충청북도",1948,8158
"양(梁)","충청남도",5657,25689
"양(梁)","전라북도",6596,29637
"양(梁)","전라남도",12296,54526
"양(梁)","경상북도",2927,11977
"양(梁)","경상남도",5370,22355
"양(梁)","제주도",5536,23037
"양(楊)","전국",19462,81589
"양(楊)","서울특별시",4940,20210
"양(楊)","부산직할시",1652,6760
"양(楊)","대구직할시",1659,6759
"양(楊)","인천직할시",722,2855
"양(楊)","경기도",3082,12444
"양(楊)","강원도",530,2259
"양(楊)","충청북도",641,2874
"양(楊)","충청남도",1181,5554
"양(楊)","전라북도",1649,7293
"양(楊)","전라남도",654,3199
"양(楊)","경상북도",1472,6019
"양(楊)","경상남도",1251,5216
"양(楊)","제주도",29,147
"양(樑)","전국",14,100
"양(樑)","서울특별시",5,34
"양(樑)","부산직할시",2,11
"양(樑)","대구직할시",1,7
"양(樑)","인천직할시",1,5
"양(樑)","경기도",2,18
"양(樑)","충청북도",0,3
"양(樑)","충청남도",0,3
"양(樑)","전라남도",1,8
"양(樑)","경상북도",0,4
"양(樑)","경상남도",2,6
"양(樑)","제주도",0,1
"양(襄)","전국",1,16
"양(襄)","서울특별시",0,4
"양(襄)","부산직할시",0,1
"양(襄)","대구직할시",0,1
"양(襄)","인천직할시",0,1
"양(襄)","경기도",0,5
"양(襄)","강원도",1,3
"양(襄)","전라남도",0,1
"어(魚)","전국",3719,15351
"어(魚)","서울특별시",1099,4498
"어(魚)","부산직할시",292,1123
"어(魚)","대구직할시",98,377
"어(魚)","인천직할시",103,417
"어(魚)","경기도",645,2717
"어(魚)","강원도",346,1516
"어(魚)","충청북도",386,1609
"어(魚)","충청남도",147,633
"어(魚)","전라북도",26,122
"어(魚)","전라남도",69,300
"어(魚)","경상북도",143,598
"어(魚)","경상남도",358,1414
"어(魚)","제주도",7,27
"어금(魚金)","전국",2,14
"어금(魚金)","서울특별시",0,2
"어금(魚金)","부산직할시",2,7
"어금(魚金)","인천직할시",0,2
"어금(魚金)","경기도",0,1
"어금(魚金)","강원도",0,1
"어금(魚金)","전라북도",0,1
"어금(魚金)","경상남도",0,1
"엄(嚴)","전국",27566,116039
"엄(嚴)","서울특별시",6583,27127
"엄(嚴)","부산직할시",2134,9100
"엄(嚴)","대구직할시",1172,4735
"엄(嚴)","인천직할시",959,3871
"엄(嚴)","경기도",3799,15644
"엄(嚴)","강원도",3583,15048
"엄(嚴)","충청북도",1357,5972
"엄(嚴)","충청남도",1569,7249
"엄(嚴)","전라북도",923,4101
"엄(嚴)","전라남도",778,3587
"엄(嚴)","경상북도",2530,10806
"엄(嚴)","경상남도",2132,8631
"엄(嚴)","제주도",47,168
"여(呂)","전국",11729,48965
"여(呂)","서울특별시",2645,10863
"여(呂)","부산직할시",874,3732
"여(呂)","대구직할시",1554,6384
"여(呂)","인천직할시",398,1583
"여(呂)","경기도",1275,5075
"여(呂)","강원도",319,1305
"여(呂)","충청북도",558,2339
"여(呂)","충청남도",738,3362
"여(呂)","전라북도",420,1917
"여(呂)","전라남도",816,3608
"여(呂)","경상북도",1417,5792
"여(呂)","경상남도",685,2856
"여(呂)","제주도",30,149
"여(余)","전국",3567,14763
"여(余)","서울특별시",474,2031
"여(余)","부산직할시",734,3061
"여(余)","대구직할시",219,911
"여(余)","인천직할시",81,303
"여(余)","경기도",200,802
"여(余)","강원도",100,462
"여(余)","충청북도",87,332
"여(余)","충청남도",51,266
"여(余)","전라북도",68,256
"여(余)","전라남도",89,432
"여(余)","경상북도",523,2087
"여(余)","경상남도",933,3790
"여(余)","제주도",8,30
"여(汝)","전국",8,47
"여(汝)","서울특별시",3,15
"여(汝)","부산직할시",0,3
"여(汝)","대구직할시",1,5
"여(汝)","인천직할시",1,2
"여(汝)","경기도",1,9
"여(汝)","강원도",1,2
"여(汝)","충청남도",0,2
"여(汝)","전라남도",0,1
"여(汝)","경상북도",0,1
"여(汝)","경상남도",1,7
"연(延)","전국",6485,27940
"연(延)","서울특별시",1837,7605
"연(延)","부산직할시",158,633
"연(延)","대구직할시",82,348
"연(延)","인천직할시",274,1086
"연(延)","경기도",917,3845
"연(延)","강원도",326,1396
"연(延)","충청북도",2021,9148
"연(延)","충청남도",509,2323
"연(延)","전라북도",42,220
"연(延)","전라남도",67,273
"연(延)","경상북도",98,435
"연(延)","경상남도",147,600
"연(延)","제주도",7,28
"연(連)","전국",88,400
"연(連)","서울특별시",27,121
"연(連)","부산직할시",2,10
"연(連)","대구직할시",3,12
"연(連)","인천직할시",5,19
"연(連)","경기도",20,70
"연(連)","강원도",7,28
"연(連)","충청북도",5,31
"연(連)","충청남도",8,39
"연(連)","전라북도",0,2
"연(連)","전라남도",3,20
"연(連)","경상북도",3,18
"연(連)","경상남도",5,28
"연(連)","제주도",0,2
"연(燕)","전국",26,105
"연(燕)","서울특별시",7,31
"연(燕)","부산직할시",2,6
"연(燕)","대구직할시",3,5
"연(燕)","인천직할시",1,2
"연(燕)","경기도",4,19
"연(燕)","강원도",3,12
"연(燕)","충청북도",1,7
"연(燕)","충청남도",2,12
"연(燕)","전라북도",0,2
"연(燕)","전라남도",1,4
"연(燕)","경상북도",1,3
"연(燕)","경상남도",1,2
"염(廉)","전국",12825,54533
"염(廉)","서울특별시",3596,14648
"염(廉)","부산직할시",1019,4191
"염(廉)","대구직할시",316,1278
"염(廉)","인천직할시",529,2188
"염(廉)","경기도",1927,8070
"염(廉)","강원도",686,2889
"염(廉)","충청북도",541,2464
"염(廉)","충청남도",1065,4969
"염(廉)","전라북도",507,2356
"염(廉)","전라남도",1406,6313
"염(廉)","경상북도",350,1521
"염(廉)","경상남도",860,3558
"염(廉)","제주도",23,88
"영(永)","전국",82,359
"영(永)","서울특별시",26,89
"영(永)","부산직할시",7,33
"영(永)","대구직할시",3,14
"영(永)","인천직할시",3,11
"영(永)","경기도",14,55
"영(永)","강원도",1,16
"영(永)","충청북도",2,7
"영(永)","충청남도",3,18
"영(永)","전라북도",8,41
"영(永)","전라남도",7,46
"영(永)","경상북도",4,13
"영(永)","경상남도",3,13
"영(永)","제주도",1,3
"영(榮)","전국",1,8
"영(榮)","서울특별시",0,1
"영(榮)","부산직할시",1,5
"영(榮)","경기도",0,1
"영(榮)","경상북도",0,1
"영(影)","전국",1,5
"영(影)","서울특별시",1,5
"예(芮)","전국",2761,10969
"예(芮)","서울특별시",437,1774
"예(芮)","부산직할시",567,2364
"예(芮)","대구직할시",411,1562
"예(芮)","인천직할시",70,246
"예(芮)","경기도",293,1123
"예(芮)","강원도",50,219
"예(芮)","충청북도",33,163
"예(芮)","충청남도",63,273
"예(芮)","전라북도",11,45
"예(芮)","전라남도",18,78
"예(芮)","경상북도",529,1962
"예(芮)","경상남도",276,1147
"예(芮)","제주도",3,13
"오(吳)","전국",147169,619774
"오(吳)","서울특별시",37262,153590
"오(吳)","부산직할시",10733,44454
"오(吳)","대구직할시",5605,22794
"오(吳)","인천직할시",5619,23115
"오(吳)","경기도",17514,71201
"오(吳)","강원도",3982,17055
"오(吳)","충청북도",5860,25241
"오(吳)","충청남도",12304,55980
"오(吳)","전라북도",10066,44619
"오(吳)","전라남도",14744,65179
"오(吳)","경상북도",8550,34611
"오(吳)","경상남도",10116,41343
"오(吳)","제주도",4814,20592
"옥(玉)","전국",4913,20196
"옥(玉)","서울특별시",799,3186
"옥(玉)","부산직할시",1138,4602
"옥(玉)","대구직할시",172,695
"옥(玉)","인천직할시",112,406
"옥(玉)","경기도",274,1062
"옥(玉)","강원도",92,375
"옥(玉)","충청북도",56,218
"옥(玉)","충청남도",49,263
"옥(玉)","전라북도",115,554
"옥(玉)","전라남도",207,896
"옥(玉)","경상북도",180,712
"옥(玉)","경상남도",1704,7189
"옥(玉)","제주도",15,38
"온(溫)","전국",1045,4396
"온(溫)","서울특별시",332,1343
"온(溫)","부산직할시",40,174
"온(溫)","대구직할시",25,100
"온(溫)","인천직할시",36,162
"온(溫)","경기도",132,500
"온(溫)","강원도",26,99
"온(溫)","충청북도",12,50
"온(溫)","충청남도",45,217
"온(溫)","전라북도",326,1466
"온(溫)","전라남도",16,63
"온(溫)","경상북도",24,85
"온(溫)","경상남도",31,130
"온(溫)","제주도",0,7
"옹(邕)","전국",157,698
"옹(邕)","서울특별시",36,173
"옹(邕)","부산직할시",7,33
"옹(邕)","대구직할시",4,9
"옹(邕)","인천직할시",1,8
"옹(邕)","경기도",23,78
"옹(邕)","강원도",2,8
"옹(邕)","충청북도",1,9
"옹(邕)","충청남도",13,61
"옹(邕)","전라북도",46,209
"옹(邕)","전라남도",9,50
"옹(邕)","경상북도",3,10
"옹(邕)","경상남도",12,50
"옹(雍)","전국",15,69
"옹(雍)","서울특별시",3,12
"옹(雍)","부산직할시",1,3
"옹(雍)","인천직할시",1,1
"옹(雍)","경기도",2,10
"옹(雍)","충청남도",0,1
"옹(雍)","전라북도",0,2
"옹(雍)","경상남도",8,40
"왕(王)","전국",4815,20378
"왕(王)","서울특별시",1557,6475
"왕(王)","부산직할시",480,2012
"왕(王)","대구직할시",89,358
"왕(王)","인천직할시",187,742
"왕(王)","경기도",802,3231
"왕(王)","강원도",138,603
"왕(王)","충청북도",148,653
"왕(王)","충청남도",164,723
"왕(王)","전라북도",464,2121
"왕(王)","전라남도",297,1299
"왕(王)","경상북도",94,413
"왕(王)","경상남도",390,1716
"왕(王)","제주도",5,32
"요(姚)","전국",64,229
"요(姚)","서울특별시",11,59
"요(姚)","부산직할시",5,15
"요(姚)","대구직할시",6,12
"요(姚)","인천직할시",3,13
"요(姚)","경기도",22,57
"요(姚)","강원도",5,23
"요(姚)","충청북도",1,4
"요(姚)","충청남도",4,12
"요(姚)","전라북도",1,10
"요(姚)","전라남도",2,9
"요(姚)","경상북도",2,7
"요(姚)","경상남도",2,7
"요(姚)","제주도",0,1
"용(龍)","전국",2876,12323
"용(龍)","서울특별시",709,2992
"용(龍)","부산직할시",107,412
"용(龍)","대구직할시",49,192
"용(龍)","인천직할시",118,487
"용(龍)","경기도",648,2811
"용(龍)","강원도",679,2974
"용(龍)","충청북도",49,209
"용(龍)","충청남도",49,260
"용(龍)","전라북도",20,97
"용(龍)","전라남도",269,1145
"용(龍)","경상북도",87,363
"용(龍)","경상남도",58,234
"용(龍)","제주도",34,147
"우(于)","전국",299,1381
"우(于)","서울특별시",83,331
"우(于)","부산직할시",28,126
"우(于)","대구직할시",34,129
"우(于)","인천직할시",9,45
"우(于)","경기도",30,188
"우(于)","강원도",12,42
"우(于)","충청북도",10,44
"우(于)","충청남도",12,80
"우(于)","전라북도",7,45
"우(于)","전라남도",12,79
"우(于)","경상북도",37,148
"우(于)","경상남도",23,114
"우(于)","제주도",2,10
"우(禹)","전국",37327,155471
"우(禹)","서울특별시",8464,34891
"우(禹)","부산직할시",3424,14061
"우(禹)","대구직할시",3357,13779
"우(禹)","인천직할시",1136,4588
"우(禹)","경기도",4641,18815
"우(禹)","강원도",1609,7006
"우(禹)","충청북도",1960,8194
"우(禹)","충청남도",2191,9905
"우(禹)","전라북도",913,4102
"우(禹)","전라남도",1344,5944
"우(禹)","경상북도",4751,19647
"우(禹)","경상남도",3351,13744
"우(禹)","제주도",186,795
"운(雲)","전국",25,112
"운(雲)","서울특별시",11,46
"운(雲)","부산직할시",0,2
"운(雲)","인천직할시",7,23
"운(雲)","경기도",6,26
"운(雲)","강원도",0,1
"운(雲)","충청남도",1,6
"운(雲)","전라북도",0,1
"운(雲)","전라남도",0,3
"운(雲)","경상북도",0,1
"운(雲)","경상남도",0,3
"운(芸)","전국",8,23
"운(芸)","서울특별시",1,3
"운(芸)","부산직할시",3,7
"운(芸)","대구직할시",0,1
"운(芸)","경기도",1,3
"운(芸)","충청북도",1,1
"운(芸)","충청남도",1,2
"운(芸)","전라북도",0,1
"운(芸)","전라남도",1,2
"운(芸)","경상북도",0,2
"운(芸)","경상남도",0,1
"원(元)","전국",24877,104535
"원(元)","서울특별시",7250,30302
"원(元)","부산직할시",1375,5683
"원(元)","대구직할시",625,2550
"원(元)","인천직할시",1038,4283
"원(元)","경기도",4959,20633
"원(元)","강원도",2867,11972
"원(元)","충청북도",1026,4562
"원(元)","충청남도",1628,7132
"원(元)","전라북도",839,3814
"원(元)","전라남도",527,2443
"원(元)","경상북도",1110,4535
"원(元)","경상남도",1269,5192
"원(元)","제주도",364,1434
"원(袁)","전국",91,424
"원(袁)","서울특별시",25,113
"원(袁)","부산직할시",2,8
"원(袁)","대구직할시",2,8
"원(袁)","인천직할시",7,23
"원(袁)","경기도",11,58
"원(袁)","강원도",4,18
"원(袁)","충청북도",2,14
"원(袁)","충청남도",24,124
"원(袁)","전라북도",3,19
"원(袁)","전라남도",4,16
"원(袁)","경상북도",3,7
"원(袁)","경상남도",3,13
"원(袁)","제주도",1,3
"위(魏)","전국",5729,24259
"위(魏)","서울특별시",1473,6091
"위(魏)","부산직할시",501,1997
"위(魏)","대구직할시",152,612
"위(魏)","인천직할시",120,533
"위(魏)","경기도",478,2063
"위(魏)","강원도",231,981
"위(魏)","충청북도",88,378
"위(魏)","충청남도",83,403
"위(魏)","전라북도",105,453
"위(魏)","전라남도",1952,8472
"위(魏)","경상북도",307,1297
"위(魏)","경상남도",193,797
"위(魏)","제주도",46,182
"위(韋)","전국",366,1528
"위(韋)","서울특별시",158,590
"위(韋)","부산직할시",28,116
"위(韋)","대구직할시",10,44
"위(韋)","인천직할시",28,105
"위(韋)","경기도",51,188
"위(韋)","강원도",14,60
"위(韋)","충청북도",4,25
"위(韋)","충청남도",16,81
"위(韋)","전라북도",5,35
"위(韋)","전라남도",23,140
"위(韋)","경상북도",12,63
"위(韋)","경상남도",15,68
"위(韋)","제주도",2,13
"유(柳)","전국",120907,509127
"유(柳)","서울특별시",33093,136567
"유(柳)","부산직할시",7800,32532
"유(柳)","대구직할시",5310,21734
"유(柳)","인천직할시",4754,19502
"유(柳)","경기도",16705,69098
"유(柳)","강원도",3873,16286
"유(柳)","충청북도",5829,24578
"유(柳)","충청남도",10773,49250
"유(柳)","전라북도",9827,43770
"유(柳)","전라남도",8536,37231
"유(柳)","경상북도",6041,24249
"유(柳)","경상남도",8005,32939
"유(柳)","제주도",361,1391
"유(兪)","전국",39424,168082
"유(兪)","서울특별시",10710,44899
"유(兪)","부산직할시",2751,11363
"유(兪)","대구직할시",1894,7710
"유(兪)","인천직할시",1630,6565
"유(兪)","경기도",6770,28245
"유(兪)","강원도",1078,4688
"유(兪)","충청북도",962,4246
"유(兪)","충청남도",4653,21248
"유(兪)","전라북도",1365,6351
"유(兪)","전라남도",2042,9405
"유(兪)","경상북도",2588,10797
"유(兪)","경상남도",2706,11462
"유(兪)","제주도",275,1103
"유(庾)","전국",2403,10281
"유(庾)","서울특별시",643,2741
"유(庾)","부산직할시",81,315
"유(庾)","대구직할시",34,133
"유(庾)","인천직할시",93,362
"유(庾)","경기도",301,1220
"유(庾)","강원도",19,89
"유(庾)","충청북도",200,828
"유(庾)","충청남도",426,1945
"유(庾)","전라북도",286,1266
"유(庾)","전라남도",229,980
"유(庾)","경상북도",34,166
"유(庾)","경상남도",51,219
"유(庾)","제주도",6,17
"유(劉)","전국",51933,218449
"유(劉)","서울특별시",13318,54798
"유(劉)","부산직할시",3920,16409
"유(劉)","대구직할시",1753,7034
"유(劉)","인천직할시",2188,8878
"유(劉)","경기도",6876,28072
"유(劉)","강원도",2976,12639
"유(劉)","충청북도",2317,10047
"유(劉)","충청남도",3756,16935
"유(劉)","전라북도",2801,12314
"유(劉)","전라남도",4417,20020
"유(劉)","경상북도",3060,12386
"유(劉)","경상남도",4324,18045
"유(劉)","제주도",227,872
"육(陸)","전국",4516,18841
"육(陸)","서울특별시",1025,4161
"육(陸)","부산직할시",217,955
"육(陸)","대구직할시",216,807
"육(陸)","인천직할시",125,476
"육(陸)","경기도",428,1775
"육(陸)","강원도",89,361
"육(陸)","충청북도",541,2208
"육(陸)","충청남도",713,3350
"육(陸)","전라북도",452,1949
"육(陸)","전라남도",65,292
"육(陸)","경상북도",415,1573
"육(陸)","경상남도",223,914
"육(陸)","제주도",7,20
"윤(尹)","전국",198252,834121
"윤(尹)","서울특별시",50484,209076
"윤(尹)","부산직할시",16720,69949
"윤(尹)","대구직할시",9720,39429
"윤(尹)","인천직할시",7678,31244
"윤(尹)","경기도",26336,108512
"윤(尹)","강원도",7665,32987
"윤(尹)","충청북도",6857,29887
"윤(尹)","충청남도",15978,71738
"윤(尹)","전라북도",7205,31882
"윤(尹)","전라남도",16999,75910
"윤(尹)","경상북도",14454,59115
"윤(尹)","경상남도",16419,67336
"윤(尹)","제주도",1737,7056
"은(殷)","전국",3303,13693
"은(殷)","서울특별시",897,3690
"은(殷)","부산직할시",144,588
"은(殷)","대구직할시",467,1937
"은(殷)","인천직할시",68,294
"은(殷)","경기도",368,1457
"은(殷)","강원도",55,220
"은(殷)","충청북도",36,151
"은(殷)","충청남도",75,365
"은(殷)","전라북도",619,2652
"은(殷)","전라남도",194,812
"은(殷)","경상북도",280,1108
"은(殷)","경상남도",94,401
"은(殷)","제주도",6,18
"음(陰)","전국",1065,4532
"음(陰)","서울특별시",344,1454
"음(陰)","부산직할시",29,137
"음(陰)","대구직할시",31,136
"음(陰)","인천직할시",41,216
"음(陰)","경기도",259,1055
"음(陰)","강원도",19,96
"음(陰)","충청북도",158,709
"음(陰)","충청남도",37,150
"음(陰)","전라북도",14,58
"음(陰)","전라남도",74,271
"음(陰)","경상북도",36,155
"음(陰)","경상남도",23,94
"음(陰)","제주도",0,1
"이(李)","전국",1418948,5985056
"이(李)","서울특별시",361130,1496506
"이(李)","부산직할시",116580,486363
"이(李)","대구직할시",78412,319051
"이(李)","인천직할시",52902,216280
"이(李)","경기도",191808,790419
"이(李)","강원도",57810,246380
"이(李)","충청북도",50157,216677
"이(李)","충청남도",107003,489754
"이(李)","전라북도",67240,305021
"이(李)","전라남도",96906,437023
"이(李)","경상북도",108994,447271
"이(李)","경상남도",118913,489067
"이(李)","제주도",11093,45244
"이(異)","전국",91,359
"이(異)","서울특별시",34,135
"이(異)","부산직할시",8,30
"이(異)","대구직할시",2,15
"이(異)","인천직할시",3,5
"이(異)","경기도",10,41
"이(異)","강원도",0,2
"이(異)","충청북도",0,2
"이(異)","충청남도",8,25
"이(異)","전라북도",12,39
"이(異)","전라남도",6,26
"이(異)","경상북도",2,14
"이(異)","경상남도",6,24
"이(異)","제주도",0,1
"이(伊)","전국",82,249
"이(伊)","서울특별시",18,64
"이(伊)","부산직할시",14,30
"이(伊)","대구직할시",8,16
"이(伊)","인천직할시",2,8
"이(伊)","경기도",15,40
"이(伊)","강원도",2,6
"이(伊)","충청북도",1,1
"이(伊)","충청남도",2,24
"이(伊)","전라북도",5,10
"이(伊)","전라남도",5,25
"이(伊)","경상북도",1,7
"이(伊)","경상남도",8,16
"이(伊)","제주도",1,2
"인(印)","전국",4281,18281
"인(印)","서울특별시",1380,5642
"인(印)","부산직할시",114,410
"인(印)","대구직할시",51,238
"인(印)","인천직할시",326,1372
"인(印)","경기도",845,3428
"인(印)","강원도",75,309
"인(印)","충청북도",49,231
"인(印)","충청남도",1079,5051
"인(印)","전라북도",115,503
"인(印)","전라남도",66,318
"인(印)","경상북도",103,474
"인(印)","경상남도",71,276
"인(印)","제주도",7,29
"임(林)","전국",159376,672782
"임(林)","서울특별시",39845,164781
"임(林)","부산직할시",11884,49668
"임(林)","대구직할시",6862,27445
"임(林)","인천직할시",5558,22853
"임(林)","경기도",19378,79605
"임(林)","강원도",5465,23165
"임(林)","충청북도",5309,23189
"임(林)","충청남도",12865,58115
"임(林)","전라북도",10036,45143
"임(林)","전라남도",16243,71719
"임(林)","경상북도",13444,55142
"임(林)","경상남도",11554,48077
"임(林)","제주도",933,3880
"임(任)","전국",34670,147700
"임(任)","서울특별시",10019,41599
"임(任)","부산직할시",1565,6456
"임(任)","대구직할시",697,2771
"임(任)","인천직할시",1357,5555
"임(任)","경기도",4752,19910
"임(任)","강원도",1225,5279
"임(任)","충청북도",1174,5042
"임(任)","충청남도",4770,21496
"임(任)","전라북도",1473,6616
"임(任)","전라남도",4515,19930
"임(任)","경상북도",1028,4357
"임(任)","경상남도",985,4121
"임(任)","제주도",1110,4568
"자(慈)","전국",24,136
"자(慈)","서울특별시",12,54
"자(慈)","부산직할시",1,11
"자(慈)","대구직할시",2,13
"자(慈)","인천직할시",1,2
"자(慈)","경기도",1,3
"자(慈)","강원도",0,3
"자(慈)","충청북도",0,1
"자(慈)","충청남도",0,6
"자(慈)","전라북도",0,3
"자(慈)","전라남도",0,7
"자(慈)","경상북도",1,9
"자(慈)","경상남도",6,24
"장(張)","전국",192842,810235
"장(張)","서울특별시",46626,191957
"장(張)","부산직할시",15551,64664
"장(張)","대구직할시",11333,45305
"장(張)","인천직할시",7412,30074
"장(張)","경기도",23321,95808
"장(張)","강원도",8622,36446
"장(張)","충청북도",7282,31607
"장(張)","충청남도",11952,54920
"장(張)","전라북도",9726,43624
"장(張)","전라남도",17919,80144
"장(張)","경상북도",17521,71339
"장(張)","경상남도",13880,57458
"장(張)","제주도",1697,6889
"장(蔣)","전국",3937,16107
"장(蔣)","서울특별시",583,2341
"장(蔣)","부산직할시",642,2627
"장(蔣)","대구직할시",891,3687
"장(蔣)","인천직할시",59,233
"장(蔣)","경기도",184,697
"장(蔣)","강원도",72,282
"장(蔣)","충청북도",48,202
"장(蔣)","충청남도",67,310
"장(蔣)","전라북도",24,123
"장(蔣)","전라남도",112,482
"장(蔣)","경상북도",763,3073
"장(蔣)","경상남도",486,2019
"장(蔣)","제주도",6,31
"장(章)","전국",1061,4329
"장(章)","서울특별시",220,840
"장(章)","부산직할시",195,856
"장(章)","대구직할시",88,363
"장(章)","인천직할시",16,63
"장(章)","경기도",52,209
"장(章)","강원도",12,33
"장(章)","충청북도",2,21
"장(章)","충청남도",21,84
"장(章)","전라북도",35,125
"장(章)","전라남도",8,52
"장(章)","경상북도",24,108
"장(章)","경상남도",385,1567
"장(章)","제주도",3,8
"장(莊)","전국",77,310
"장(莊)","서울특별시",27,92
"장(莊)","부산직할시",1,6
"장(莊)","대구직할시",1,2
"장(莊)","인천직할시",5,24
"장(莊)","경기도",18,72
"장(莊)","강원도",2,17
"장(莊)","충청북도",2,10
"장(莊)","충청남도",4,12
"장(莊)","전라북도",1,8
"장(莊)","전라남도",10,44
"장(莊)","경상북도",4,21
"장(莊)","경상남도",2,2
"장곡(長谷)","전국",0,1
"장곡(長谷)","전라남도",0,1
"저(邸)","전국",0,1
"저(邸)","경기도",0,1
"전(全)","전국",103060,430059
"전(全)","서울특별시",24274,99249
"전(全)","부산직할시",7813,32205
"전(全)","대구직할시",6335,25379
"전(全)","인천직할시",3617,14662
"전(全)","경기도",12038,49040
"전(全)","강원도",8549,36635
"전(全)","충청북도",4863,20793
"전(全)","충청남도",6561,29613
"전(全)","전라북도",5373,23700
"전(全)","전라남도",7277,31790
"전(全)","경상북도",8677,35547
"전(全)","경상남도",7164,29292
"전(全)","제주도",519,2154
"전(田)","전국",35130,146664
"전(田)","서울특별시",8659,35490
"전(田)","부산직할시",3780,15576
"전(田)","대구직할시",1362,5500
"전(田)","인천직할시",1319,5409
"전(田)","경기도",3824,15197
"전(田)","강원도",819,3447
"전(田)","충청북도",450,1963
"전(田)","충청남도",4079,18651
"전(田)","전라북도",2324,10308
"전(田)","전라남도",1903,8429
"전(田)","경상북도",2221,9030
"전(田)","경상남도",4259,17064
"전(田)","제주도",131,600
"전(錢)","전국",663,2748
"전(錢)","서울특별시",212,861
"전(錢)","부산직할시",46,182
"전(錢)","대구직할시",37,139
"전(錢)","인천직할시",15,58
"전(錢)","경기도",71,289
"전(錢)","강원도",22,94
"전(錢)","충청북도",32,150
"전(錢)","충청남도",25,149
"전(錢)","전라북도",9,40
"전(錢)","전라남도",55,250
"전(錢)","경상북도",112,440
"전(錢)","경상남도",27,94
"전(錢)","제주도",0,2
"점(占)","전국",40,198
"점(占)","서울특별시",9,42
"점(占)","부산직할시",1,12
"점(占)","대구직할시",1,4
"점(占)","인천직할시",3,11
"점(占)","경기도",1,15
"점(占)","강원도",0,2
"점(占)","충청북도",0,1
"점(占)","충청남도",3,12
"점(占)","전라북도",18,68
"점(占)","전라남도",1,6
"점(占)","경상북도",1,8
"점(占)","경상남도",2,16
"점(占)","제주도",0,1
"정(鄭)","전국",422246,1780734
"정(鄭)","서울특별시",97690,403491
"정(鄭)","부산직할시",42934,180307
"정(鄭)","대구직할시",22724,92055
"정(鄭)","인천직할시",13574,55350
"정(鄭)","경기도",46534,190553
"정(鄭)","강원도",15569,66711
"정(鄭)","충청북도",13934,59816
"정(鄭)","충청남도",24649,113155
"정(鄭)","전라북도",19470,88032
"정(鄭)","전라남도",42227,190017
"정(鄭)","경상북도",32749,134192
"정(鄭)","경상남도",47346,195475
"정(鄭)","제주도",2846,11580
"정(丁)","전국",38722,165382
"정(丁)","서울특별시",9167,38452
"정(丁)","부산직할시",3101,13097
"정(丁)","대구직할시",1359,5535
"정(丁)","인천직할시",1124,4544
"정(丁)","경기도",3910,16004
"정(丁)","강원도",1257,5280
"정(丁)","충청북도",577,2543
"정(丁)","충청남도",1954,8957
"정(丁)","전라북도",2378,10602
"정(丁)","전라남도",9164,40960
"정(丁)","경상북도",1828,7446
"정(丁)","경상남도",2675,11035
"정(丁)","제주도",228,927
"정(程)","전국",2174,9244
"정(程)","서울특별시",552,2182
"정(程)","부산직할시",117,445
"정(程)","대구직할시",24,86
"정(程)","인천직할시",53,206
"정(程)","경기도",181,765
"정(程)","강원도",62,257
"정(程)","충청북도",31,145
"정(程)","충청남도",159,781
"정(程)","전라북도",202,963
"정(程)","전라남도",690,3011
"정(程)","경상북도",33,125
"정(程)","경상남도",65,254
"정(程)","제주도",5,24
"제(諸)","전국",4128,17394
"제(諸)","서울특별시",487,2033
"제(諸)","부산직할시",993,4212
"제(諸)","대구직할시",210,887
"제(諸)","인천직할시",38,179
"제(諸)","경기도",192,789
"제(諸)","강원도",36,150
"제(諸)","충청북도",36,164
"제(諸)","충청남도",50,223
"제(諸)","전라북도",88,363
"제(諸)","전라남도",205,953
"제(諸)","경상북도",159,615
"제(諸)","경상남도",1625,6784
"제(諸)","제주도",9,42
"제(齊)","전국",1,6
"제(齊)","서울특별시",1,5
"제(齊)","경상북도",0,1
"제갈(諸葛)","전국",867,3652
"제갈(諸葛)","서울특별시",140,590
"제갈(諸葛)","부산직할시",68,267
"제갈(諸葛)","대구직할시",234,924
"제갈(諸葛)","인천직할시",19,70
"제갈(諸葛)","경기도",64,269
"제갈(諸葛)","강원도",8,33
"제갈(諸葛)","충청북도",6,23
"제갈(諸葛)","충청남도",23,101
"제갈(諸葛)","전라북도",8,38
"제갈(諸葛)","전라남도",104,474
"제갈(諸葛)","경상북도",150,653
"제갈(諸葛)","경상남도",42,206
"제갈(諸葛)","제주도",1,4
"조(趙)","전국",207896,877058
"조(趙)","서울특별시",55181,227840
"조(趙)","부산직할시",16279,68081
"조(趙)","대구직할시",8224,33415
"조(趙)","인천직할시",8865,35647
"조(趙)","경기도",28501,116806
"조(趙)","강원도",7580,32480
"조(趙)","충청북도",7482,32087
"조(趙)","충청남도",16928,77233
"조(趙)","전라북도",10952,49015
"조(趙)","전라남도",16609,75991
"조(趙)","경상북도",12453,51130
"조(趙)","경상남도",17150,70497
"조(趙)","제주도",1692,6836
"조(曺)","전국",73206,304837
"조(曺)","서울특별시",15849,65002
"조(曺)","부산직할시",7834,32631
"조(曺)","대구직할시",4652,18942
"조(曺)","인천직할시",1976,7953
"조(曺)","경기도",6986,28242
"조(曺)","강원도",2347,9568
"조(曺)","충청북도",1755,7506
"조(曺)","충청남도",3609,15765
"조(曺)","전라북도",2948,12899
"조(曺)","전라남도",11032,48366
"조(曺)","경상북도",5122,20772
"조(曺)","경상남도",8825,36132
"조(曺)","제주도",271,1059
"종(鍾)","전국",157,621
"종(鍾)","서울특별시",37,134
"종(鍾)","부산직할시",11,45
"종(鍾)","대구직할시",4,10
"종(鍾)","인천직할시",30,111
"종(鍾)","경기도",60,256
"종(鍾)","강원도",5,19
"종(鍾)","충청북도",2,4
"종(鍾)","충청남도",3,17
"종(鍾)","전라북도",2,6
"종(鍾)","전라남도",0,3
"종(鍾)","경상북도",1,3
"종(鍾)","경상남도",2,13
"종(宗)","전국",26,133
"종(宗)","서울특별시",19,63
"종(宗)","부산직할시",2,9
"종(宗)","대구직할시",0,5
"종(宗)","인천직할시",1,3
"종(宗)","경기도",1,15
"종(宗)","강원도",0,5
"종(宗)","충청북도",0,3
"종(宗)","충청남도",0,2
"종(宗)","전라북도",0,2
"종(宗)","전라남도",2,10
"종(宗)","경상북도",1,8
"종(宗)","경상남도",0,8
"좌(左)","전국",785,3046
"좌(左)","서울특별시",101,379
"좌(左)","부산직할시",52,199
"좌(左)","대구직할시",3,12
"좌(左)","인천직할시",7,22
"좌(左)","경기도",37,121
"좌(左)","강원도",9,27
"좌(左)","충청북도",3,8
"좌(左)","충청남도",8,45
"좌(左)","전라북도",5,20
"좌(左)","전라남도",11,35
"좌(左)","경상북도",22,80
"좌(左)","경상남도",18,76
"좌(左)","제주도",509,2022
"주(朱)","전국",36869,153508
"주(朱)","서울특별시",9163,37278
"주(朱)","부산직할시",3556,14739
"주(朱)","대구직할시",1194,4790
"주(朱)","인천직할시",1361,5419
"주(朱)","경기도",4156,16662
"주(朱)","강원도",1523,6320
"주(朱)","충청북도",696,2902
"주(朱)","충청남도",2081,9168
"주(朱)","전라북도",1921,8560
"주(朱)","전라남도",5208,23201
"주(朱)","경상북도",2365,9466
"주(朱)","경상남도",3491,14405
"주(朱)","제주도",154,598
"주(周)","전국",7789,33222
"주(周)","서울특별시",1731,7268
"주(周)","부산직할시",957,4031
"주(周)","대구직할시",270,1116
"주(周)","인천직할시",225,970
"주(周)","경기도",717,2948
"주(周)","강원도",158,710
"주(周)","충청북도",492,2225
"주(周)","충청남도",560,2550
"주(周)","전라북도",246,1197
"주(周)","전라남도",759,3360
"주(周)","경상북도",188,901
"주(周)","경상남도",1458,5820
"주(周)","제주도",28,126
"준(俊)","전국",38,154
"준(俊)","서울특별시",10,36
"준(俊)","부산직할시",3,23
"준(俊)","대구직할시",3,11
"준(俊)","인천직할시",1,3
"준(俊)","경기도",3,16
"준(俊)","강원도",2,9
"준(俊)","충청북도",3,9
"준(俊)","충청남도",5,20
"준(俊)","전라북도",0,4
"준(俊)","전라남도",3,9
"준(俊)","경상북도",3,10
"준(俊)","경상남도",2,4
"지(池)","전국",29782,125648
"지(池)","서울특별시",7780,32190
"지(池)","부산직할시",1991,8315
"지(池)","대구직할시",1022,4170
"지(池)","인천직할시",1190,4888
"지(池)","경기도",4407,18208
"지(池)","강원도",2025,8564
"지(池)","충청북도",2055,8767
"지(池)","충청남도",2477,11371
"지(池)","전라북도",810,3662
"지(池)","전라남도",1795,8101
"지(池)","경상북도",2060,8305
"지(池)","경상남도",1937,8190
"지(池)","제주도",233,917
"지(智)","전국",1179,5029
"지(智)","서울특별시",311,1343
"지(智)","부산직할시",46,183
"지(智)","대구직할시",14,63
"지(智)","인천직할시",25,144
"지(智)","경기도",212,903
"지(智)","강원도",285,1182
"지(智)","충청북도",189,765
"지(智)","충청남도",31,143
"지(智)","전라북도",5,26
"지(智)","전라남도",9,43
"지(智)","경상북도",19,92
"지(智)","경상남도",29,128
"지(智)","제주도",4,14
"진(陳)","전국",29414,123092
"진(陳)","서울특별시",6366,25914
"진(陳)","부산직할시",3216,13711
"진(陳)","대구직할시",1421,5714
"진(陳)","인천직할시",702,2848
"진(陳)","경기도",2949,11875
"진(陳)","강원도",1243,5386
"진(陳)","충청북도",815,3583
"진(陳)","충청남도",1620,7264
"진(陳)","전라북도",2152,9576
"진(陳)","전라남도",2609,11460
"진(陳)","경상북도",1662,6799
"진(陳)","경상남도",4589,18661
"진(陳)","제주도",70,301
"진(秦)","전국",3956,16445
"진(秦)","서울특별시",898,3622
"진(秦)","부산직할시",250,1020
"진(秦)","대구직할시",223,947
"진(秦)","인천직할시",140,506
"진(秦)","경기도",406,1661
"진(秦)","강원도",323,1426
"진(秦)","충청북도",83,399
"진(秦)","충청남도",93,429
"진(秦)","전라북도",62,301
"진(秦)","전라남도",82,332
"진(秦)","경상북도",379,1631
"진(秦)","경상남도",196,797
"진(秦)","제주도",821,3374
"진(晋)","전국",2059,8696
"진(晋)","서울특별시",634,2603
"진(晋)","부산직할시",107,435
"진(晋)","대구직할시",40,153
"진(晋)","인천직할시",71,251
"진(晋)","경기도",258,1024
"진(晋)","강원도",22,107
"진(晋)","충청북도",15,71
"진(晋)","충청남도",59,264
"진(晋)","전라북도",561,2417
"진(晋)","전라남도",137,683
"진(晋)","경상북도",46,201
"진(晋)","경상남도",99,448
"진(晋)","제주도",10,39
"진(眞)","전국",292,1511
"진(眞)","서울특별시",68,344
"진(眞)","부산직할시",35,160
"진(眞)","대구직할시",18,77
"진(眞)","인천직할시",6,38
"진(眞)","경기도",55,245
"진(眞)","강원도",13,66
"진(眞)","충청북도",5,42
"진(眞)","충청남도",12,77
"진(眞)","전라북도",18,105
"진(眞)","전라남도",23,117
"진(眞)","경상북도",8,74
"진(眞)","경상남도",28,134
"진(眞)","제주도",3,32
"차(車)","전국",38127,159680
"차(車)","서울특별시",9356,38543
"차(車)","부산직할시",3655,15542
"차(車)","대구직할시",1926,7627
"차(車)","인천직할시",1727,6992
"차(車)","경기도",5109,20886
"차(車)","강원도",1251,5224
"차(車)","충청북도",895,3819
"차(車)","충청남도",2395,11016
"차(車)","전라북도",1439,6508
"차(車)","전라남도",3363,14900
"차(車)","경상북도",2019,8180
"차(車)","경상남도",4787,19624
"차(車)","제주도",205,819
"창(昌)","전국",184,792
"창(昌)","서울특별시",31,143
"창(昌)","부산직할시",5,28
"창(昌)","대구직할시",2,8
"창(昌)","인천직할시",7,29
"창(昌)","경기도",33,129
"창(昌)","강원도",4,16
"창(昌)","충청북도",4,17
"창(昌)","충청남도",17,83
"창(昌)","전라북도",48,226
"창(昌)","전라남도",15,63
"창(昌)","경상북도",5,15
"창(昌)","경상남도",13,35
"창(倉)","전국",63,258
"창(倉)","서울특별시",25,96
"창(倉)","부산직할시",5,12
"창(倉)","대구직할시",4,8
"창(倉)","인천직할시",2,10
"창(倉)","경기도",12,60
"창(倉)","강원도",1,3
"창(倉)","충청북도",2,13
"창(倉)","충청남도",5,18
"창(倉)","전라북도",2,6
"창(倉)","전라남도",3,11
"창(倉)","경상북도",1,11
"창(倉)","경상남도",1,10
"채(蔡)","전국",23418,97650
"채(蔡)","서울특별시",6124,25121
"채(蔡)","부산직할시",1248,5204
"채(蔡)","대구직할시",1812,7361
"채(蔡)","인천직할시",873,3570
"채(蔡)","경기도",2559,10514
"채(蔡)","강원도",741,3072
"채(蔡)","충청북도",732,3156
"채(蔡)","충청남도",1418,6151
"채(蔡)","전라북도",2284,10006
"채(蔡)","전라남도",2425,10656
"채(蔡)","경상북도",1973,7924
"채(蔡)","경상남도",1002,3993
"채(蔡)","제주도",227,922
"채(菜)","전국",1161,5250
"채(菜)","서울특별시",277,1189
"채(菜)","부산직할시",84,352
"채(菜)","대구직할시",58,266
"채(菜)","인천직할시",44,188
"채(菜)","경기도",164,736
"채(菜)","강원도",39,202
"채(菜)","충청북도",31,160
"채(菜)","충청남도",78,358
"채(菜)","전라북도",87,380
"채(菜)","전라남도",112,587
"채(菜)","경상북도",81,363
"채(菜)","경상남도",75,340
"채(菜)","제주도",31,129
"채(采)","전국",55,275
"채(采)","서울특별시",20,91
"채(采)","부산직할시",1,14
"채(采)","대구직할시",3,11
"채(采)","인천직할시",2,8
"채(采)","경기도",8,43
"채(采)","강원도",2,6
"채(采)","충청북도",0,6
"채(采)","충청남도",3,21
"채(采)","전라북도",2,7
"채(采)","전라남도",6,34
"채(采)","경상북도",4,14
"채(采)","경상남도",4,14
"채(采)","제주도",0,6
"천(千)","전국",23185,97419
"천(千)","서울특별시",4821,19676
"천(千)","부산직할시",2638,11069
"천(千)","대구직할시",1212,4749
"천(千)","인천직할시",619,2623
"천(千)","경기도",2298,9481
"천(千)","강원도",811,3478
"천(千)","충청북도",690,2977
"천(千)","충청남도",1367,6216
"천(千)","전라북도",723,3197
"천(千)","전라남도",2468,11155
"천(千)","경상북도",2329,9426
"천(千)","경상남도",3085,12875
"천(千)","제주도",124,497
"천(天)","전국",297,1351
"천(天)","서울특별시",72,312
"천(天)","부산직할시",10,72
"천(天)","대구직할시",12,42
"천(天)","인천직할시",13,60
"천(天)","경기도",44,190
"천(天)","강원도",20,85
"천(天)","충청북도",13,52
"천(天)","충청남도",16,73
"천(天)","전라북도",9,55
"천(天)","전라남도",19,102
"천(天)","경상북도",25,111
"천(天)","경상남도",44,191
"천(天)","제주도",0,6
"초(楚)","전국",47,232
"초(楚)","서울특별시",8,64
"초(楚)","부산직할시",15,52
"초(楚)","대구직할시",1,5
"초(楚)","인천직할시",0,2
"초(楚)","경기도",4,20
"초(楚)","강원도",5,19
"초(楚)","충청북도",0,3
"초(楚)","충청남도",3,16
"초(楚)","전라북도",2,5
"초(楚)","전라남도",1,7
"초(楚)","경상북도",7,30
"초(楚)","경상남도",1,8
"초(楚)","제주도",0,1
"초(肖)","전국",14,68
"초(肖)","서울특별시",1,2
"초(肖)","대구직할시",0,3
"초(肖)","경기도",1,5
"초(肖)","충청남도",0,2
"초(肖)","전라북도",0,3
"초(肖)","경상북도",0,1
"초(肖)","경상남도",2,5
"초(肖)","제주도",10,47
"초(初)","전국",0,1
"초(初)","인천직할시",0,1
"최(崔)","전국",454697,1913329
"최(崔)","서울특별시",110178,453842
"최(崔)","부산직할시",37655,157462
"최(崔)","대구직할시",23268,93545
"최(崔)","인천직할시",16968,69072
"최(崔)","경기도",57438,235697
"최(崔)","강원도",26917,114237
"최(崔)","충청북도",13621,58733
"최(崔)","충청남도",29558,136249
"최(崔)","전라북도",27018,121172
"최(崔)","전라남도",38117,169960
"최(崔)","경상북도",35114,143120
"최(崔)","경상남도",37252,153787
"최(崔)","제주도",1593,6453
"추(秋)","전국",11622,48643
"추(秋)","서울특별시",2193,8832
"추(秋)","부산직할시",1417,5921
"추(秋)","대구직할시",1020,4098
"추(秋)","인천직할시",398,1662
"추(秋)","경기도",1086,4360
"추(秋)","강원도",457,1990
"추(秋)","충청북도",257,1099
"추(秋)","충청남도",577,2550
"추(秋)","전라북도",517,2334
"추(秋)","전라남도",1387,6173
"추(秋)","경상북도",786,3310
"추(秋)","경상남도",1467,6067
"추(秋)","제주도",60,247
"추(鄒)","전국",3,10
"추(鄒)","서울특별시",1,2
"추(鄒)","경기도",1,3
"추(鄒)","충청남도",1,3
"추(鄒)","전라남도",0,2
"춘(椿)","전국",1,1
"춘(椿)","서울특별시",1,1
"탁(卓)","전국",4048,16943
"탁(卓)","서울특별시",971,3971
"탁(卓)","부산직할시",440,1829
"탁(卓)","대구직할시",121,557
"탁(卓)","인천직할시",129,519
"탁(卓)","경기도",429,1750
"탁(卓)","강원도",349,1504
"탁(卓)","충청북도",86,348
"탁(卓)","충청남도",101,378
"탁(卓)","전라북도",322,1408
"탁(卓)","전라남도",308,1415
"탁(卓)","경상북도",275,1106
"탁(卓)","경상남도",503,2116
"탁(卓)","제주도",14,42
"탄(彈)","전국",18,78
"탄(彈)","서울특별시",12,43
"탄(彈)","부산직할시",0,1
"탄(彈)","대구직할시",0,1
"탄(彈)","인천직할시",0,2
"탄(彈)","경기도",1,7
"탄(彈)","강원도",4,19
"탄(彈)","충청남도",1,2
"탄(彈)","전라북도",0,1
"탄(彈)","경상북도",0,1
"탄(彈)","경상남도",0,1
"태(太)","전국",1795,7406
"태(太)","서울특별시",507,2023
"태(太)","부산직할시",136,592
"태(太)","대구직할시",155,648
"태(太)","인천직할시",81,333
"태(太)","경기도",202,741
"태(太)","강원도",57,235
"태(太)","충청북도",43,192
"태(太)","충청남도",88,432
"태(太)","전라북도",223,1009
"태(太)","전라남도",28,96
"태(太)","경상북도",191,756
"태(太)","경상남도",83,340
"태(太)","제주도",1,9
"판(判)","전국",59,238
"판(判)","서울특별시",29,110
"판(判)","부산직할시",0,6
"판(判)","대구직할시",1,6
"판(判)","인천직할시",5,17
"판(判)","경기도",18,57
"판(判)","강원도",0,4
"판(判)","충청북도",0,1
"판(判)","충청남도",1,8
"판(判)","전라북도",0,2
"판(判)","전라남도",3,12
"판(判)","경상북도",0,2
"판(判)","경상남도",2,12
"판(判)","제주도",0,1
"팽(彭)","전국",629,2471
"팽(彭)","서울특별시",133,518
"팽(彭)","부산직할시",62,259
"팽(彭)","대구직할시",25,83
"팽(彭)","인천직할시",17,67
"팽(彭)","경기도",58,240
"팽(彭)","강원도",10,48
"팽(彭)","충청북도",22,95
"팽(彭)","충청남도",8,38
"팽(彭)","전라북도",0,1
"팽(彭)","전라남도",5,18
"팽(彭)","경상북도",17,68
"팽(彭)","경상남도",272,1033
"팽(彭)","제주도",0,3
"편(片)","전국",3181,13306
"편(片)","서울특별시",762,3139
"편(片)","부산직할시",213,821
"편(片)","대구직할시",144,528
"편(片)","인천직할시",110,456
"편(片)","경기도",432,1720
"편(片)","강원도",70,309
"편(片)","충청북도",41,171
"편(片)","충청남도",574,2645
"편(片)","전라북도",66,310
"편(片)","전라남도",240,1109
"편(片)","경상북도",337,1320
"편(片)","경상남도",184,749
"편(片)","제주도",8,29
"편(扁)","전국",2,20
"편(扁)","서울특별시",0,7
"편(扁)","부산직할시",1,1
"편(扁)","경기도",0,2
"편(扁)","충청북도",1,4
"편(扁)","전라북도",0,2
"편(扁)","전라남도",0,2
"편(扁)","경상북도",0,1
"편(扁)","경상남도",0,1
"평(平)","전국",178,648
"평(平)","서울특별시",72,231
"평(平)","부산직할시",3,14
"평(平)","대구직할시",5,21
"평(平)","인천직할시",10,61
"평(平)","경기도",61,219
"평(平)","강원도",1,5
"평(平)","충청북도",2,2
"평(平)","충청남도",4,18
"평(平)","전라북도",1,12
"평(平)","전라남도",5,19
"평(平)","경상북도",7,22
"평(平)","경상남도",7,23
"평(平)","제주도",0,1
"포(包)","전국",91,238
"포(包)","서울특별시",19,64
"포(包)","부산직할시",11,21
"포(包)","대구직할시",7,13
"포(包)","경기도",14,32
"포(包)","강원도",4,17
"포(包)","충청북도",3,8
"포(包)","충청남도",6,16
"포(包)","전라북도",4,8
"포(包)","전라남도",9,20
"포(包)","경상북도",8,23
"포(包)","경상남도",6,16
"표(表)","전국",5833,24570
"표(表)","서울특별시",1532,6323
"표(表)","부산직할시",543,2182
"표(表)","대구직할시",244,1125
"표(表)","인천직할시",205,842
"표(表)","경기도",796,3298
"표(表)","강원도",132,567
"표(表)","충청북도",216,931
"표(表)","충청남도",572,2571
"표(表)","전라북도",225,1035
"표(表)","전라남도",435,1904
"표(表)","경상북도",218,857
"표(表)","경상남도",699,2872
"표(表)","제주도",16,63
"풍(馮)","전국",112,449
"풍(馮)","서울특별시",19,73
"풍(馮)","부산직할시",5,22
"풍(馮)","대구직할시",3,9
"풍(馮)","인천직할시",1,4
"풍(馮)","경기도",55,223
"풍(馮)","강원도",5,18
"풍(馮)","충청북도",15,59
"풍(馮)","충청남도",2,9
"풍(馮)","전라북도",1,6
"풍(馮)","전라남도",1,5
"풍(馮)","경상북도",5,21
"피(皮)","전국",1339,5440
"피(皮)","서울특별시",384,1510
"피(皮)","부산직할시",73,301
"피(皮)","대구직할시",112,461
"피(皮)","인천직할시",45,189
"피(皮)","경기도",255,1038
"피(皮)","강원도",72,265
"피(皮)","충청북도",164,696
"피(皮)","충청남도",20,90
"피(皮)","전라북도",6,27
"피(皮)","전라남도",5,30
"피(皮)","경상북도",160,654
"피(皮)","경상남도",40,164
"피(皮)","제주도",3,15
"필(弼)","전국",45,209
"필(弼)","서울특별시",18,79
"필(弼)","부산직할시",6,30
"필(弼)","대구직할시",2,10
"필(弼)","인천직할시",1,2
"필(弼)","경기도",6,29
"필(弼)","강원도",5,18
"필(弼)","충청북도",1,2
"필(弼)","충청남도",0,5
"필(弼)","전라북도",2,5
"필(弼)","전라남도",2,15
"필(弼)","경상북도",2,10
"필(弼)","경상남도",0,4
"하(河)","전국",44508,184651
"하(河)","서울특별시",8426,34436
"하(河)","부산직할시",7371,31050
"하(河)","대구직할시",2940,11874
"하(河)","인천직할시",1179,4798
"하(河)","경기도",3350,13531
"하(河)","강원도",782,3197
"하(河)","충청북도",750,3287
"하(河)","충청남도",1618,7498
"하(河)","전라북도",2206,9849
"하(河)","전라남도",2654,11689
"하(河)","경상북도",3223,12938
"하(河)","경상남도",9784,39586
"하(河)","제주도",225,918
"하(夏)","전국",722,2866
"하(夏)","서울특별시",142,567
"하(夏)","부산직할시",85,310
"하(夏)","대구직할시",137,549
"하(夏)","인천직할시",21,76
"하(夏)","경기도",57,222
"하(夏)","강원도",17,73
"하(夏)","충청북도",9,30
"하(夏)","충청남도",33,127
"하(夏)","전라북도",74,305
"하(夏)","전라남도",30,128
"하(夏)","경상북도",45,209
"하(夏)","경상남도",70,264
"하(夏)","제주도",2,6
"학(**)","전국",4,14
"학(**)","서울특별시",0,2
"학(**)","경기도",0,1
"학(**)","충청북도",4,10
"학(**)","경상북도",0,1
"한(韓)","전국",149511,628396
"한(韓)","서울특별시",41624,171301
"한(韓)","부산직할시",10719,44762
"한(韓)","대구직할시",5167,21271
"한(韓)","인천직할시",6562,26764
"한(韓)","경기도",23805,97291
"한(韓)","강원도",5626,23335
"한(韓)","충청북도",5014,21692
"한(韓)","충청남도",12499,57279
"한(韓)","전라북도",8679,37917
"한(韓)","전라남도",10898,48631
"한(韓)","경상북도",6959,28645
"한(韓)","경상남도",9522,39588
"한(韓)","제주도",2437,9920
"한(漢)","전국",74,326
"한(漢)","서울특별시",35,110
"한(漢)","부산직할시",4,36
"한(漢)","대구직할시",2,17
"한(漢)","인천직할시",2,18
"한(漢)","경기도",9,25
"한(漢)","강원도",2,19
"한(漢)","충청북도",3,11
"한(漢)","충청남도",3,19
"한(漢)","전라북도",3,10
"한(漢)","전라남도",3,22
"한(漢)","경상북도",5,20
"한(漢)","경상남도",3,17
"한(漢)","제주도",0,2
"함(咸)","전국",15686,65193
"함(咸)","서울특별시",4311,17725
"함(咸)","부산직할시",597,2303
"함(咸)","대구직할시",479,1795
"함(咸)","인천직할시",739,2964
"함(咸)","경기도",2744,10958
"함(咸)","강원도",2943,12819
"함(咸)","충청북도",613,2684
"함(咸)","충청남도",886,3977
"함(咸)","전라북도",486,2118
"함(咸)","전라남도",520,2277
"함(咸)","경상북도",753,3119
"함(咸)","경상남도",486,1912
"함(咸)","제주도",129,542
"해(海)","전국",80,270
"해(海)","서울특별시",34,99
"해(海)","부산직할시",3,8
"해(海)","대구직할시",1,3
"해(海)","인천직할시",2,4
"해(海)","경기도",6,33
"해(海)","강원도",2,6
"해(海)","충청북도",4,12
"해(海)","충청남도",0,5
"해(海)","전라북도",4,5
"해(海)","전라남도",20,74
"해(海)","경상북도",0,6
"해(海)","경상남도",3,10
"해(海)","제주도",1,5
"허(許)","전국",63039,264238
"허(許)","서울특별시",14243,58655
"허(許)","부산직할시",7343,30817
"허(許)","대구직할시",3790,15414
"허(許)","인천직할시",2025,8225
"허(許)","경기도",7299,30078
"허(許)","강원도",2824,12101
"허(許)","충청북도",1976,8509
"허(許)","충청남도",3043,13671
"허(許)","전라북도",2676,12034
"허(許)","전라남도",4322,19759
"허(許)","경상북도",4317,17588
"허(許)","경상남도",7986,32271
"허(許)","제주도",1195,5116
"현(玄)","전국",17302,72164
"현(玄)","서울특별시",4168,17159
"현(玄)","부산직할시",1086,4419
"현(玄)","대구직할시",1024,4203
"현(玄)","인천직할시",552,2260
"현(玄)","경기도",2250,9185
"현(玄)","강원도",552,2298
"현(玄)","충청북도",399,1752
"현(玄)","충청남도",1412,6403
"현(玄)","전라북도",440,1932
"현(玄)","전라남도",473,2141
"현(玄)","경상북도",1166,4657
"현(玄)","경상남도",643,2543
"현(玄)","제주도",3137,13212
"형(邢)","전국",1291,5430
"형(邢)","서울특별시",329,1315
"형(邢)","부산직할시",72,315
"형(邢)","대구직할시",53,198
"형(邢)","인천직할시",23,105
"형(邢)","경기도",134,519
"형(邢)","강원도",8,39
"형(邢)","충청북도",5,16
"형(邢)","충청남도",20,104
"형(邢)","전라북도",319,1355
"형(邢)","전라남도",182,865
"형(邢)","경상북도",40,156
"형(邢)","경상남도",106,441
"형(邢)","제주도",0,2
"호(扈)","전국",818,3531
"호(扈)","서울특별시",325,1331
"호(扈)","부산직할시",16,76
"호(扈)","대구직할시",6,30
"호(扈)","인천직할시",49,180
"호(扈)","경기도",133,597
"호(扈)","강원도",20,68
"호(扈)","충청북도",18,75
"호(扈)","충청남도",197,920
"호(扈)","전라북도",32,147
"호(扈)","전라남도",6,31
"호(扈)","경상북도",4,20
"호(扈)","경상남도",12,53
"호(扈)","제주도",0,3
"호(胡)","전국",387,1490
"호(胡)","서울특별시",139,546
"호(胡)","부산직할시",28,99
"호(胡)","대구직할시",7,17
"호(胡)","인천직할시",35,128
"호(胡)","경기도",73,282
"호(胡)","강원도",27,106
"호(胡)","충청북도",15,68
"호(胡)","충청남도",13,84
"호(胡)","전라북도",11,40
"호(胡)","전라남도",15,43
"호(胡)","경상북도",12,35
"호(胡)","경상남도",9,39
"호(胡)","제주도",3,3
"호(鎬)","전국",1,3
"호(鎬)","경기도",1,3
"홍(洪)","전국",109489,457583
"홍(洪)","서울특별시",30726,126266
"홍(洪)","부산직할시",6560,27552
"홍(洪)","대구직할시",4850,19842
"홍(洪)","인천직할시",4652,18725
"홍(洪)","경기도",17303,70797
"홍(洪)","강원도",7294,30637
"홍(洪)","충청북도",4235,18380
"홍(洪)","충청남도",7433,33305
"홍(洪)","전라북도",4530,20255
"홍(洪)","전라남도",6493,29399
"홍(洪)","경상북도",6276,25593
"홍(洪)","경상남도",6476,26085
"홍(洪)","제주도",2661,10747
"화(化)","전국",495,1990
"화(化)","서울특별시",127,485
"화(化)","부산직할시",69,259
"화(化)","대구직할시",21,75
"화(化)","인천직할시",26,86
"화(化)","경기도",43,169
"화(化)","강원도",20,60
"화(化)","충청북도",17,100
"화(化)","충청남도",21,100
"화(化)","전라북도",21,83
"화(化)","전라남도",27,87
"화(化)","경상북도",11,53
"화(化)","경상남도",92,427
"화(化)","제주도",0,6
"환(桓)","전국",1,3
"환(桓)","서울특별시",1,3
"황(黃)","전국",134359,564292
"황(黃)","서울특별시",31113,127632
"황(黃)","부산직할시",12119,50706
"황(黃)","대구직할시",7145,28994
"황(黃)","인천직할시",4771,19261
"황(黃)","경기도",16014,65076
"황(黃)","강원도",5603,23801
"황(黃)","충청북도",4186,18181
"황(黃)","충청남도",8913,40335
"황(黃)","전라북도",7168,32305
"황(黃)","전라남도",9705,43720
"황(黃)","경상북도",13641,56683
"황(黃)","경상남도",13367,55127
"황(黃)","제주도",614,2471
"황보(皇甫)","전국",2105,8541
"황보(皇甫)","서울특별시",318,1258
"황보(皇甫)","부산직할시",252,1014
"황보(皇甫)","대구직할시",315,1239
"황보(皇甫)","인천직할시",51,184
"황보(皇甫)","경기도",123,495
"황보(皇甫)","강원도",93,383
"황보(皇甫)","충청북도",33,146
"황보(皇甫)","충청남도",32,126
"황보(皇甫)","전라북도",8,50
"황보(皇甫)","전라남도",64,253
"황보(皇甫)","경상북도",632,2609
"황보(皇甫)","경상남도",165,713
"황보(皇甫)","제주도",19,71
"후(后)","전국",3,18
"후(后)","서울특별시",0,3
"후(后)","부산직할시",0,3
"후(后)","경기도",0,3
"후(后)","강원도",0,2
"후(后)","전라남도",2,2
"후(后)","경상북도",0,2
"후(后)","경상남도",1,3
"후(候)","전국",1,5
"후(候)","서울특별시",1,4
"후(候)","경상남도",0,1
"흥(興)","전국",0,1
"흥(興)","서울특별시",0,1
"기타","전국",303,1842
"기타","서울특별시",98,560
"기타","부산직할시",29,168
"기타","대구직할시",12,59
"기타","인천직할시",15,71
"기타","경기도",65,313
"기타","강원도",7,58
"기타","충청북도",3,47
"기타","충청남도",13,125
"기타","전라북도",10,63
"기타","전라남도",21,184
"기타","경상북도",15,83
"기타","경상남도",13,97
"기타","제주도",2,14
"미상","전국",5,184
"미상","서울특별시",2,87
"미상","부산직할시",0,20
"미상","인천직할시",0,5
"미상","경기도",0,59
"미상","강원도",0,1
"미상","충청북도",0,3
"미상","충청남도",0,3
"미상","경상북도",0,1
"미상","경상남도",3,4
"미상","제주도",0,1
